
> frontend@0.1.0 dev
> next dev

▲ Next.js 16.2.10 (Turbopack)
- Local:         http://localhost:3000
- Network:       http://169.254.83.107:3000
- Environments: .env.local
✓ Ready in 14.1s

 GET / 200 in 3.0s (next.js: 2.8s, application-code: 272ms)
 GET / 200 in 415ms (next.js: 140ms, application-code: 275ms)
 GET / 200 in 165ms (next.js: 68ms, application-code: 97ms)
 GET /projects 200 in 260ms (next.js: 175ms, application-code: 85ms)
 GET /experiments 200 in 139ms (next.js: 89ms, application-code: 50ms)
 GET /projects 200 in 38ms (next.js: 6ms, application-code: 32ms)
 GET /models 200 in 112ms (next.js: 83ms, application-code: 29ms)
 GET /projects 200 in 48ms (next.js: 8ms, application-code: 40ms)
 GET /projects/b2f6bb6a-842f-426a-a7d2-d2f5b93262cf 200 in 1753ms (next.js: 1682ms, application-code: 71ms)
 GET /experiments 200 in 193ms (next.js: 78ms, application-code: 115ms)
 GET /projects 200 in 34ms (next.js: 8ms, application-code: 27ms)
 GET /projects/b2f6bb6a-842f-426a-a7d2-d2f5b93262cf 200 in 68ms (next.js: 38ms, application-code: 30ms)
 GET /experiments 200 in 33ms (next.js: 8ms, application-code: 24ms)
 GET /projects 200 in 29ms (next.js: 6ms, application-code: 23ms)
 GET /projects/b2f6bb6a-842f-426a-a7d2-d2f5b93262cf 200 in 47ms (next.js: 22ms, application-code: 25ms)
 GET /reports 200 in 386ms (next.js: 347ms, application-code: 39ms)
 GET /industry-radar 200 in 212ms (next.js: 151ms, application-code: 61ms)
 GET /settings 200 in 121ms (next.js: 89ms, application-code: 32ms)
 GET /experiments 200 in 54ms (next.js: 7ms, application-code: 47ms)
✓ Compiled in 1068ms
 GET /experiments 200 in 938ms (next.js: 803ms, application-code: 135ms)
✓ Compiled in 246ms
 GET /experiments 200 in 175ms (next.js: 129ms, application-code: 46ms)
✓ Compiled in 93ms
 GET /experiments 200 in 149ms (next.js: 111ms, application-code: 38ms)
✓ Compiled in 364ms
 GET /experiments 200 in 262ms (next.js: 201ms, application-code: 61ms)
✓ Compiled in 524ms
⨯ ./src/app/experiments/page.tsx:109:14
Expected ',', got 'string literal'
  [90m107 |[0m       ...f,
  [90m108 |[0m       project_id: src.project_id,
[31m[1m>[0m [90m109 |[0m       name: f[32m"{src.name} (新模型)"[0m,
  [90m    |[0m              [31m[1m^^^^^^^^^^^^^^^^^^^^^[0m
  [90m110 |[0m       dataset_id: src.dataset_id,
  [90m111 |[0m       benchmark_id: src.benchmark_id,
  [90m112 |[0m       prompt_id: src.prompt_id,

Parsing ecmascript source code failed

Import traces:
  Client Component Browser:
    ./src/app/experiments/page.tsx [Client Component Browser]
    ./src/app/experiments/page.tsx [Server Component]

  Client Component SSR:
    ./src/app/experiments/page.tsx [Client Component SSR]
    ./src/app/experiments/page.tsx [Server Component]


 GET /experiments 500 in 4.2s (next.js: 3.7s, application-code: 476ms)
⨯ ./src/app/experiments/page.tsx:109:14
Expected ',', got 'string literal'
  [90m107 |[0m       ...f,
  [90m108 |[0m       project_id: src.project_id,
[31m[1m>[0m [90m109 |[0m       name: f[32m"{src.name} (新模型)"[0m,
  [90m    |[0m              [31m[1m^^^^^^^^^^^^^^^^^^^^^[0m
  [90m110 |[0m       dataset_id: src.dataset_id,
  [90m111 |[0m       benchmark_id: src.benchmark_id,
  [90m112 |[0m       prompt_id: src.prompt_id,

Parsing ecmascript source code failed

Import traces:
  Client Component Browser:
    ./src/app/experiments/page.tsx [Client Component Browser]
    ./src/app/experiments/page.tsx [Server Component]

  Client Component SSR:
    ./src/app/experiments/page.tsx [Client Component SSR]
    ./src/app/experiments/page.tsx [Server Component]


 GET /experiments 500 in 31ms (next.js: 16ms, application-code: 15ms)
⨯ ./src/app/experiments/page.tsx:109:14
Expected ',', got 'string literal'
  [90m107 |[0m       ...f,
  [90m108 |[0m       project_id: src.project_id,
[31m[1m>[0m [90m109 |[0m       name: f[32m"{src.name} (新模型)"[0m,
  [90m    |[0m              [31m[1m^^^^^^^^^^^^^^^^^^^^^[0m
  [90m110 |[0m       dataset_id: src.dataset_id,
  [90m111 |[0m       benchmark_id: src.benchmark_id,
  [90m112 |[0m       prompt_id: src.prompt_id,

Parsing ecmascript source code failed

Import traces:
  Client Component Browser:
    ./src/app/experiments/page.tsx [Client Component Browser]
    ./src/app/experiments/page.tsx [Server Component]

  Client Component SSR:
    ./src/app/experiments/page.tsx [Client Component SSR]
    ./src/app/experiments/page.tsx [Server Component]


 GET /experiments 500 in 29ms (next.js: 15ms, application-code: 14ms)
[browser] Uncaught Error: ./src/app/experiments/page.tsx:109:14
Expected ',', got 'string literal'
  107 |       ...f,
  108 |       project_id: src.project_id,
> 109 |       name: f"{src.name} (新模型)",
      |              ^^^^^^^^^^^^^^^^^^^^^
  110 |       dataset_id: src.dataset_id,
  111 |       benchmark_id: src.benchmark_id,
  112 |       prompt_id: src.prompt_id,

Parsing ecmascript source code failed

Import traces:
  Client Component Browser:
    ./src/app/experiments/page.tsx [Client Component Browser]
    ./src/app/experiments/page.tsx [Server Component]

  Client Component SSR:
    ./src/app/experiments/page.tsx [Client Component SSR]
    ./src/app/experiments/page.tsx [Server Component]


    at <unknown> (Error: ./src/app/experiments/page.tsx:109:14)
    at <unknown> (Error: (./src/app/experiments/page.tsx:109:14)
✓ Compiled in 432ms
 GET /experiments 200 in 1189ms (next.js: 503ms, application-code: 687ms)
 GET /experiments 200 in 80ms (next.js: 6ms, application-code: 74ms)
 GET /projects 200 in 349ms (next.js: 309ms, application-code: 40ms)
 GET /projects/48fb102d-10ac-4064-8616-90622662d487 200 in 297ms (next.js: 251ms, application-code: 46ms)
 GET /projects 200 in 32ms (next.js: 5ms, application-code: 27ms)
 GET /projects/b2f6bb6a-842f-426a-a7d2-d2f5b93262cf 200 in 54ms (next.js: 25ms, application-code: 29ms)
 GET /projects/b2f6bb6a-842f-426a-a7d2-d2f5b93262cf 200 in 300ms (next.js: 33ms, application-code: 267ms)
 GET /experiments/compare?project_id=b2f6bb6a-842f-426a-a7d2-d2f5b93262cf&ids=78529b4e-d209-48b7-8f6a-47f938be79b6%2C7e67fbdc-e7a6-4895-a6e7-96a988f58339%2C2198d392-b7b7-4dc8-87da-8420e43fd743%2Cdff0ccee-2e87-4e4e-9ba4-da829e236c40 200 in 449ms (next.js: 415ms, application-code: 34ms)
 GET /experiments 200 in 37ms (next.js: 12ms, application-code: 25ms)
 GET /projects 200 in 32ms (next.js: 6ms, application-code: 26ms)
 GET /projects/b2f6bb6a-842f-426a-a7d2-d2f5b93262cf 200 in 62ms (next.js: 32ms, application-code: 30ms)
 GET / 200 in 542ms (next.js: 467ms, application-code: 75ms)
 GET /projects/b2f6bb6a-842f-426a-a7d2-d2f5b93262cf 200 in 52ms (next.js: 22ms, application-code: 29ms)
 GET /experiments 200 in 37ms (next.js: 6ms, application-code: 31ms)
 GET /projects 200 in 25ms (next.js: 4ms, application-code: 21ms)
 GET /projects/b2f6bb6a-842f-426a-a7d2-d2f5b93262cf 200 in 43ms (next.js: 22ms, application-code: 21ms)
 GET /prompts 200 in 314ms (next.js: 271ms, application-code: 43ms)
 GET /models 200 in 372ms (next.js: 309ms, application-code: 63ms)
 GET /datasets 200 in 257ms (next.js: 227ms, application-code: 30ms)
 GET /projects 200 in 32ms (next.js: 6ms, application-code: 25ms)
 GET /projects/b2f6bb6a-842f-426a-a7d2-d2f5b93262cf 200 in 56ms (next.js: 24ms, application-code: 32ms)
 GET /settings 200 in 289ms (next.js: 236ms, application-code: 53ms)
 GET / 200 in 268ms (next.js: 112ms, application-code: 156ms)
 GET /projects 200 in 48ms (next.js: 12ms, application-code: 36ms)
 GET / 200 in 38ms (next.js: 7ms, application-code: 31ms)
 GET / 200 in 1305ms (next.js: 109ms, application-code: 1196ms)
 GET / 200 in 291ms (next.js: 67ms, application-code: 223ms)
 GET /datasets 200 in 51ms (next.js: 12ms, application-code: 39ms)
 GET /benchmarks 200 in 474ms (next.js: 428ms, application-code: 46ms)
 GET /models 200 in 45ms (next.js: 12ms, application-code: 33ms)
 GET /models 200 in 31ms (next.js: 6ms, application-code: 25ms)
✓ Compiled in 1068ms
 GET /models 200 in 1172ms (next.js: 922ms, application-code: 250ms)
✓ Compiled in 426ms
 GET /models 200 in 419ms (next.js: 318ms, application-code: 102ms)
✓ Compiled in 167ms
 GET /models 200 in 319ms (next.js: 238ms, application-code: 81ms)
✓ Compiled in 705ms
 GET /models 200 in 534ms (next.js: 417ms, application-code: 117ms)
[browser] ⨯ unhandledRejection: TypeError: Failed to fetch
    at request (src/lib/api.ts:27:21)
    at Object.get (src/lib/api.ts:53:29)
    at listModels (src/lib/api.ts:116:14)
    at refresh (src/app/models/page.tsx:50:33)
    at ModelsPage.useEffect (src/app/models/page.tsx:57:5)
  25 |
  26 | async function request<T>(path: string, init?: RequestInit): Promise<T> {
> 27 |   const res = await fetch(`${API_BASE_URL}${path}`, {
     |                     ^
  28 |     headers: { "Content-Type": "application/json", ...(init?.headers ?? {}) },
  29 |     cache: "no-store",
  30 |     ...init,
✓ Compiled in 152ms
 GET /models 200 in 299ms (next.js: 225ms, application-code: 74ms)
✓ Compiled in 657ms
 GET /models 200 in 530ms (next.js: 382ms, application-code: 148ms)
[browser] ⨯ unhandledRejection: TypeError: Failed to fetch
    at request (src/lib/api.ts:27:21)
    at Object.get (src/lib/api.ts:53:29)
    at listModels (src/lib/api.ts:116:14)
    at refresh (src/app/models/page.tsx:50:33)
    at ModelsPage.useEffect (src/app/models/page.tsx:57:5)
  25 |
  26 | async function request<T>(path: string, init?: RequestInit): Promise<T> {
> 27 |   const res = await fetch(`${API_BASE_URL}${path}`, {
     |                     ^
  28 |     headers: { "Content-Type": "application/json", ...(init?.headers ?? {}) },
  29 |     cache: "no-store",
  30 |     ...init,
 GET /models 200 in 930ms (next.js: 210ms, application-code: 720ms)
 GET /models 200 in 324ms (next.js: 102ms, application-code: 222ms)
 GET /prompts 200 in 476ms (next.js: 395ms, application-code: 81ms)
 GET /models 200 in 27ms (next.js: 5ms, application-code: 22ms)
 GET / 200 in 1420ms (next.js: 880ms, application-code: 540ms)
 GET /prompts 200 in 57ms (next.js: 17ms, application-code: 41ms)
 GET /datasets 200 in 561ms (next.js: 513ms, application-code: 47ms)
 GET /experiments 200 in 272ms (next.js: 238ms, application-code: 34ms)
 GET /projects 200 in 237ms (next.js: 194ms, application-code: 43ms)
 GET / 200 in 28ms (next.js: 6ms, application-code: 22ms)
 GET /projects/80608ee0-7df0-4e19-8411-7f63fa9a9021 200 in 1526ms (next.js: 821ms, application-code: 705ms)
 GET /projects/80608ee0-7df0-4e19-8411-7f63fa9a9021 200 in 257ms (next.js: 29ms, application-code: 228ms)
 GET /prompts 200 in 493ms (next.js: 250ms, application-code: 244ms)
 GET /datasets 200 in 70ms (next.js: 18ms, application-code: 52ms)
 GET /experiments 200 in 57ms (next.js: 18ms, application-code: 39ms)
 GET /projects 200 in 52ms (next.js: 15ms, application-code: 38ms)
 GET /projects/80608ee0-7df0-4e19-8411-7f63fa9a9021 200 in 103ms (next.js: 52ms, application-code: 51ms)
 GET /projects/80608ee0-7df0-4e19-8411-7f63fa9a9021 200 in 1682ms (next.js: 164ms, application-code: 1517ms)
[browser] ⨯ unhandledRejection: TypeError: Failed to fetch
    at request (src/lib/api.ts:27:21)
    at Object.get (src/lib/api.ts:53:29)
    at listExperiments (src/lib/api.ts:257:7)
    at ExperimentsTab.useCallback[refresh] (src/app/projects/[id]/tabs/experiments.tsx:47:35)
  25 |
  26 | async function request<T>(path: string, init?: RequestInit): Promise<T> {
> 27 |   const res = await fetch(`${API_BASE_URL}${path}`, {
     |                     ^
  28 |     headers: { "Content-Type": "application/json", ...(init?.headers ?? {}) },
  29 |     cache: "no-store",
  30 |     ...init,
[browser] ⨯ unhandledRejection: TypeError: Failed to fetch
    at request (src/lib/api.ts:27:21)
    at Object.get (src/lib/api.ts:53:29)
    at listExperiments (src/lib/api.ts:257:7)
    at ExperimentsTab.useCallback[refresh] (src/app/projects/[id]/tabs/experiments.tsx:47:35)
  25 |
  26 | async function request<T>(path: string, init?: RequestInit): Promise<T> {
> 27 |   const res = await fetch(`${API_BASE_URL}${path}`, {
     |                     ^
  28 |     headers: { "Content-Type": "application/json", ...(init?.headers ?? {}) },
  29 |     cache: "no-store",
  30 |     ...init,
[browser] ⨯ unhandledRejection: TypeError: Failed to fetch
    at request (src/lib/api.ts:27:21)
    at Object.get (src/lib/api.ts:53:29)
    at listExperiments (src/lib/api.ts:257:7)
    at ExperimentsTab.useCallback[refresh] (src/app/projects/[id]/tabs/experiments.tsx:47:35)
  25 |
  26 | async function request<T>(path: string, init?: RequestInit): Promise<T> {
> 27 |   const res = await fetch(`${API_BASE_URL}${path}`, {
     |                     ^
  28 |     headers: { "Content-Type": "application/json", ...(init?.headers ?? {}) },
  29 |     cache: "no-store",
  30 |     ...init,
[browser] ⨯ unhandledRejection: TypeError: Failed to fetch
    at request (src/lib/api.ts:27:21)
    at Object.get (src/lib/api.ts:53:29)
    at listExperiments (src/lib/api.ts:257:7)
    at ExperimentsTab.useCallback[refresh] (src/app/projects/[id]/tabs/experiments.tsx:47:35)
  25 |
  26 | async function request<T>(path: string, init?: RequestInit): Promise<T> {
> 27 |   const res = await fetch(`${API_BASE_URL}${path}`, {
     |                     ^
  28 |     headers: { "Content-Type": "application/json", ...(init?.headers ?? {}) },
  29 |     cache: "no-store",
  30 |     ...init,
[browser] ⨯ unhandledRejection: TypeError: Failed to fetch
    at request (src/lib/api.ts:27:21)
    at Object.get (src/lib/api.ts:53:29)
    at listExperiments (src/lib/api.ts:257:7)
    at ExperimentsTab.useCallback[refresh] (src/app/projects/[id]/tabs/experiments.tsx:47:35)
  25 |
  26 | async function request<T>(path: string, init?: RequestInit): Promise<T> {
> 27 |   const res = await fetch(`${API_BASE_URL}${path}`, {
     |                     ^
  28 |     headers: { "Content-Type": "application/json", ...(init?.headers ?? {}) },
  29 |     cache: "no-store",
  30 |     ...init,
[browser] ⨯ unhandledRejection: TypeError: Failed to fetch
    at request (src/lib/api.ts:27:21)
    at Object.get (src/lib/api.ts:53:29)
    at listExperiments (src/lib/api.ts:257:7)
    at ExperimentsTab.useCallback[refresh] (src/app/projects/[id]/tabs/experiments.tsx:47:35)
  25 |
  26 | async function request<T>(path: string, init?: RequestInit): Promise<T> {
> 27 |   const res = await fetch(`${API_BASE_URL}${path}`, {
     |                     ^
  28 |     headers: { "Content-Type": "application/json", ...(init?.headers ?? {}) },
  29 |     cache: "no-store",
  30 |     ...init,
[browser] ⨯ unhandledRejection: TypeError: Failed to fetch
    at request (src/lib/api.ts:27:21)
    at Object.get (src/lib/api.ts:53:29)
    at listExperiments (src/lib/api.ts:257:7)
    at ExperimentsTab.useCallback[refresh] (src/app/projects/[id]/tabs/experiments.tsx:47:35)
  25 |
  26 | async function request<T>(path: string, init?: RequestInit): Promise<T> {
> 27 |   const res = await fetch(`${API_BASE_URL}${path}`, {
     |                     ^
  28 |     headers: { "Content-Type": "application/json", ...(init?.headers ?? {}) },
  29 |     cache: "no-store",
  30 |     ...init,
[browser] ⨯ unhandledRejection: TypeError: Failed to fetch
    at request (src/lib/api.ts:27:21)
    at Object.get (src/lib/api.ts:53:29)
    at listExperiments (src/lib/api.ts:257:7)
    at ExperimentsTab.useCallback[refresh] (src/app/projects/[id]/tabs/experiments.tsx:47:35)
  25 |
  26 | async function request<T>(path: string, init?: RequestInit): Promise<T> {
> 27 |   const res = await fetch(`${API_BASE_URL}${path}`, {
     |                     ^
  28 |     headers: { "Content-Type": "application/json", ...(init?.headers ?? {}) },
  29 |     cache: "no-store",
  30 |     ...init,
[browser] ⨯ unhandledRejection: TypeError: Failed to fetch
    at request (src/lib/api.ts:27:21)
    at Object.get (src/lib/api.ts:53:29)
    at listExperiments (src/lib/api.ts:257:7)
    at ExperimentsTab.useCallback[refresh] (src/app/projects/[id]/tabs/experiments.tsx:47:35)
  25 |
  26 | async function request<T>(path: string, init?: RequestInit): Promise<T> {
> 27 |   const res = await fetch(`${API_BASE_URL}${path}`, {
     |                     ^
  28 |     headers: { "Content-Type": "application/json", ...(init?.headers ?? {}) },
  29 |     cache: "no-store",
  30 |     ...init,
[browser] ⨯ unhandledRejection: TypeError: Failed to fetch
    at request (src/lib/api.ts:27:21)
    at Object.get (src/lib/api.ts:53:29)
    at listExperiments (src/lib/api.ts:257:7)
    at ExperimentsTab.useCallback[refresh] (src/app/projects/[id]/tabs/experiments.tsx:47:35)
  25 |
  26 | async function request<T>(path: string, init?: RequestInit): Promise<T> {
> 27 |   const res = await fetch(`${API_BASE_URL}${path}`, {
     |                     ^
  28 |     headers: { "Content-Type": "application/json", ...(init?.headers ?? {}) },
  29 |     cache: "no-store",
  30 |     ...init,
[browser] ⨯ unhandledRejection: TypeError: Failed to fetch
    at request (src/lib/api.ts:27:21)
    at Object.get (src/lib/api.ts:53:29)
    at listExperiments (src/lib/api.ts:257:7)
    at ExperimentsTab.useCallback[refresh] (src/app/projects/[id]/tabs/experiments.tsx:47:35)
  25 |
  26 | async function request<T>(path: string, init?: RequestInit): Promise<T> {
> 27 |   const res = await fetch(`${API_BASE_URL}${path}`, {
     |                     ^
  28 |     headers: { "Content-Type": "application/json", ...(init?.headers ?? {}) },
  29 |     cache: "no-store",
  30 |     ...init,
[browser] ⨯ unhandledRejection: TypeError: Failed to fetch
    at request (src/lib/api.ts:27:21)
    at Object.get (src/lib/api.ts:53:29)
    at listExperiments (src/lib/api.ts:257:7)
    at ExperimentsTab.useCallback[refresh] (src/app/projects/[id]/tabs/experiments.tsx:47:35)
  25 |
  26 | async function request<T>(path: string, init?: RequestInit): Promise<T> {
> 27 |   const res = await fetch(`${API_BASE_URL}${path}`, {
     |                     ^
  28 |     headers: { "Content-Type": "application/json", ...(init?.headers ?? {}) },
  29 |     cache: "no-store",
  30 |     ...init,
[browser] ⨯ unhandledRejection: TypeError: Failed to fetch
    at request (src/lib/api.ts:27:21)
    at Object.get (src/lib/api.ts:53:29)
    at listExperiments (src/lib/api.ts:257:7)
    at ExperimentsTab.useCallback[refresh] (src/app/projects/[id]/tabs/experiments.tsx:47:35)
  25 |
  26 | async function request<T>(path: string, init?: RequestInit): Promise<T> {
> 27 |   const res = await fetch(`${API_BASE_URL}${path}`, {
     |                     ^
  28 |     headers: { "Content-Type": "application/json", ...(init?.headers ?? {}) },
  29 |     cache: "no-store",
  30 |     ...init,
[browser] ⨯ unhandledRejection: TypeError: Failed to fetch
    at request (src/lib/api.ts:27:21)
    at Object.get (src/lib/api.ts:53:29)
    at listExperiments (src/lib/api.ts:257:7)
    at ExperimentsTab.useCallback[refresh] (src/app/projects/[id]/tabs/experiments.tsx:47:35)
  25 |
  26 | async function request<T>(path: string, init?: RequestInit): Promise<T> {
> 27 |   const res = await fetch(`${API_BASE_URL}${path}`, {
     |                     ^
  28 |     headers: { "Content-Type": "application/json", ...(init?.headers ?? {}) },
  29 |     cache: "no-store",
  30 |     ...init,
[browser] ⨯ unhandledRejection: TypeError: Failed to fetch
    at request (src/lib/api.ts:27:21)
    at Object.get (src/lib/api.ts:53:29)
    at listExperiments (src/lib/api.ts:257:7)
    at ExperimentsTab.useCallback[refresh] (src/app/projects/[id]/tabs/experiments.tsx:47:35)
  25 |
  26 | async function request<T>(path: string, init?: RequestInit): Promise<T> {
> 27 |   const res = await fetch(`${API_BASE_URL}${path}`, {
     |                     ^
  28 |     headers: { "Content-Type": "application/json", ...(init?.headers ?? {}) },
  29 |     cache: "no-store",
  30 |     ...init,
[browser] ⨯ unhandledRejection: TypeError: Failed to fetch
    at request (src/lib/api.ts:27:21)
    at Object.get (src/lib/api.ts:53:29)
    at listExperiments (src/lib/api.ts:257:7)
    at ExperimentsTab.useCallback[refresh] (src/app/projects/[id]/tabs/experiments.tsx:47:35)
  25 |
  26 | async function request<T>(path: string, init?: RequestInit): Promise<T> {
> 27 |   const res = await fetch(`${API_BASE_URL}${path}`, {
     |                     ^
  28 |     headers: { "Content-Type": "application/json", ...(init?.headers ?? {}) },
  29 |     cache: "no-store",
  30 |     ...init,
[browser] ⨯ unhandledRejection: TypeError: Failed to fetch
    at request (src/lib/api.ts:27:21)
    at Object.get (src/lib/api.ts:53:29)
    at listExperiments (src/lib/api.ts:257:7)
    at ExperimentsTab.useCallback[refresh] (src/app/projects/[id]/tabs/experiments.tsx:47:35)
  25 |
  26 | async function request<T>(path: string, init?: RequestInit): Promise<T> {
> 27 |   const res = await fetch(`${API_BASE_URL}${path}`, {
     |                     ^
  28 |     headers: { "Content-Type": "application/json", ...(init?.headers ?? {}) },
  29 |     cache: "no-store",
  30 |     ...init,
[browser] ⨯ unhandledRejection: TypeError: Failed to fetch
    at request (src/lib/api.ts:27:21)
    at Object.get (src/lib/api.ts:53:29)
    at listExperiments (src/lib/api.ts:257:7)
    at ExperimentsTab.useCallback[refresh] (src/app/projects/[id]/tabs/experiments.tsx:47:35)
  25 |
  26 | async function request<T>(path: string, init?: RequestInit): Promise<T> {
> 27 |   const res = await fetch(`${API_BASE_URL}${path}`, {
     |                     ^
  28 |     headers: { "Content-Type": "application/json", ...(init?.headers ?? {}) },
  29 |     cache: "no-store",
  30 |     ...init,
[browser] ⨯ unhandledRejection: TypeError: Failed to fetch
    at request (src/lib/api.ts:27:21)
    at Object.get (src/lib/api.ts:53:29)
    at listExperiments (src/lib/api.ts:257:7)
    at ExperimentsTab.useCallback[refresh] (src/app/projects/[id]/tabs/experiments.tsx:47:35)
  25 |
  26 | async function request<T>(path: string, init?: RequestInit): Promise<T> {
> 27 |   const res = await fetch(`${API_BASE_URL}${path}`, {
     |                     ^
  28 |     headers: { "Content-Type": "application/json", ...(init?.headers ?? {}) },
  29 |     cache: "no-store",
  30 |     ...init,
[browser] ⨯ unhandledRejection: TypeError: Failed to fetch
    at request (src/lib/api.ts:27:21)
    at Object.get (src/lib/api.ts:53:29)
    at listExperiments (src/lib/api.ts:257:7)
    at ExperimentsTab.useCallback[refresh] (src/app/projects/[id]/tabs/experiments.tsx:47:35)
  25 |
  26 | async function request<T>(path: string, init?: RequestInit): Promise<T> {
> 27 |   const res = await fetch(`${API_BASE_URL}${path}`, {
     |                     ^
  28 |     headers: { "Content-Type": "application/json", ...(init?.headers ?? {}) },
  29 |     cache: "no-store",
  30 |     ...init,
[browser] ⨯ unhandledRejection: TypeError: Failed to fetch
    at request (src/lib/api.ts:27:21)
    at Object.get (src/lib/api.ts:53:29)
    at listExperiments (src/lib/api.ts:257:7)
    at ExperimentsTab.useCallback[refresh] (src/app/projects/[id]/tabs/experiments.tsx:47:35)
  25 |
  26 | async function request<T>(path: string, init?: RequestInit): Promise<T> {
> 27 |   const res = await fetch(`${API_BASE_URL}${path}`, {
     |                     ^
  28 |     headers: { "Content-Type": "application/json", ...(init?.headers ?? {}) },
  29 |     cache: "no-store",
  30 |     ...init,
[browser] ⨯ unhandledRejection: TypeError: Failed to fetch
    at request (src/lib/api.ts:27:21)
    at Object.get (src/lib/api.ts:53:29)
    at listExperiments (src/lib/api.ts:257:7)
    at ExperimentsTab.useCallback[refresh] (src/app/projects/[id]/tabs/experiments.tsx:47:35)
  25 |
  26 | async function request<T>(path: string, init?: RequestInit): Promise<T> {
> 27 |   const res = await fetch(`${API_BASE_URL}${path}`, {
     |                     ^
  28 |     headers: { "Content-Type": "application/json", ...(init?.headers ?? {}) },
  29 |     cache: "no-store",
  30 |     ...init,
[browser] ⨯ unhandledRejection: TypeError: Failed to fetch
    at request (src/lib/api.ts:27:21)
    at Object.get (src/lib/api.ts:53:29)
    at listExperiments (src/lib/api.ts:257:7)
    at ExperimentsTab.useCallback[refresh] (src/app/projects/[id]/tabs/experiments.tsx:47:35)
  25 |
  26 | async function request<T>(path: string, init?: RequestInit): Promise<T> {
> 27 |   const res = await fetch(`${API_BASE_URL}${path}`, {
     |                     ^
  28 |     headers: { "Content-Type": "application/json", ...(init?.headers ?? {}) },
  29 |     cache: "no-store",
  30 |     ...init,
[browser] ⨯ unhandledRejection: TypeError: Failed to fetch
    at request (src/lib/api.ts:27:21)
    at Object.get (src/lib/api.ts:53:29)
    at listExperiments (src/lib/api.ts:257:7)
    at ExperimentsTab.useCallback[refresh] (src/app/projects/[id]/tabs/experiments.tsx:47:35)
  25 |
  26 | async function request<T>(path: string, init?: RequestInit): Promise<T> {
> 27 |   const res = await fetch(`${API_BASE_URL}${path}`, {
     |                     ^
  28 |     headers: { "Content-Type": "application/json", ...(init?.headers ?? {}) },
  29 |     cache: "no-store",
  30 |     ...init,
[browser] ⨯ unhandledRejection: TypeError: Failed to fetch
    at request (src/lib/api.ts:27:21)
    at Object.get (src/lib/api.ts:53:29)
    at listExperiments (src/lib/api.ts:257:7)
    at ExperimentsTab.useCallback[refresh] (src/app/projects/[id]/tabs/experiments.tsx:47:35)
  25 |
  26 | async function request<T>(path: string, init?: RequestInit): Promise<T> {
> 27 |   const res = await fetch(`${API_BASE_URL}${path}`, {
     |                     ^
  28 |     headers: { "Content-Type": "application/json", ...(init?.headers ?? {}) },
  29 |     cache: "no-store",
  30 |     ...init,
[browser] ⨯ unhandledRejection: TypeError: Failed to fetch
    at request (src/lib/api.ts:27:21)
    at Object.get (src/lib/api.ts:53:29)
    at listExperiments (src/lib/api.ts:257:7)
    at ExperimentsTab.useCallback[refresh] (src/app/projects/[id]/tabs/experiments.tsx:47:35)
  25 |
  26 | async function request<T>(path: string, init?: RequestInit): Promise<T> {
> 27 |   const res = await fetch(`${API_BASE_URL}${path}`, {
     |                     ^
  28 |     headers: { "Content-Type": "application/json", ...(init?.headers ?? {}) },
  29 |     cache: "no-store",
  30 |     ...init,
[browser] ⨯ unhandledRejection: TypeError: Failed to fetch
    at request (src/lib/api.ts:27:21)
    at Object.get (src/lib/api.ts:53:29)
    at listExperiments (src/lib/api.ts:257:7)
    at ExperimentsTab.useCallback[refresh] (src/app/projects/[id]/tabs/experiments.tsx:47:35)
  25 |
  26 | async function request<T>(path: string, init?: RequestInit): Promise<T> {
> 27 |   const res = await fetch(`${API_BASE_URL}${path}`, {
     |                     ^
  28 |     headers: { "Content-Type": "application/json", ...(init?.headers ?? {}) },
  29 |     cache: "no-store",
  30 |     ...init,
[browser] ⨯ unhandledRejection: TypeError: Failed to fetch
    at request (src/lib/api.ts:27:21)
    at Object.get (src/lib/api.ts:53:29)
    at listExperiments (src/lib/api.ts:257:7)
    at ExperimentsTab.useCallback[refresh] (src/app/projects/[id]/tabs/experiments.tsx:47:35)
  25 |
  26 | async function request<T>(path: string, init?: RequestInit): Promise<T> {
> 27 |   const res = await fetch(`${API_BASE_URL}${path}`, {
     |                     ^
  28 |     headers: { "Content-Type": "application/json", ...(init?.headers ?? {}) },
  29 |     cache: "no-store",
  30 |     ...init,
[browser] ⨯ unhandledRejection: TypeError: Failed to fetch
    at request (src/lib/api.ts:27:21)
    at Object.get (src/lib/api.ts:53:29)
    at listExperiments (src/lib/api.ts:257:7)
    at ExperimentsTab.useCallback[refresh] (src/app/projects/[id]/tabs/experiments.tsx:47:35)
  25 |
  26 | async function request<T>(path: string, init?: RequestInit): Promise<T> {
> 27 |   const res = await fetch(`${API_BASE_URL}${path}`, {
     |                     ^
  28 |     headers: { "Content-Type": "application/json", ...(init?.headers ?? {}) },
  29 |     cache: "no-store",
  30 |     ...init,
[browser] ⨯ unhandledRejection: TypeError: Failed to fetch
    at request (src/lib/api.ts:27:21)
    at Object.get (src/lib/api.ts:53:29)
    at listExperiments (src/lib/api.ts:257:7)
    at ExperimentsTab.useCallback[refresh] (src/app/projects/[id]/tabs/experiments.tsx:47:35)
  25 |
  26 | async function request<T>(path: string, init?: RequestInit): Promise<T> {
> 27 |   const res = await fetch(`${API_BASE_URL}${path}`, {
     |                     ^
  28 |     headers: { "Content-Type": "application/json", ...(init?.headers ?? {}) },
  29 |     cache: "no-store",
  30 |     ...init,
[browser] ⨯ unhandledRejection: TypeError: Failed to fetch
    at request (src/lib/api.ts:27:21)
    at Object.get (src/lib/api.ts:53:29)
    at listExperiments (src/lib/api.ts:257:7)
    at ExperimentsTab.useCallback[refresh] (src/app/projects/[id]/tabs/experiments.tsx:47:35)
  25 |
  26 | async function request<T>(path: string, init?: RequestInit): Promise<T> {
> 27 |   const res = await fetch(`${API_BASE_URL}${path}`, {
     |                     ^
  28 |     headers: { "Content-Type": "application/json", ...(init?.headers ?? {}) },
  29 |     cache: "no-store",
  30 |     ...init,
[browser] ⨯ unhandledRejection: TypeError: Failed to fetch
    at request (src/lib/api.ts:27:21)
    at Object.get (src/lib/api.ts:53:29)
    at listExperiments (src/lib/api.ts:257:7)
    at ExperimentsTab.useCallback[refresh] (src/app/projects/[id]/tabs/experiments.tsx:47:35)
  25 |
  26 | async function request<T>(path: string, init?: RequestInit): Promise<T> {
> 27 |   const res = await fetch(`${API_BASE_URL}${path}`, {
     |                     ^
  28 |     headers: { "Content-Type": "application/json", ...(init?.headers ?? {}) },
  29 |     cache: "no-store",
  30 |     ...init,
[browser] ⨯ unhandledRejection: TypeError: Failed to fetch
    at request (src/lib/api.ts:27:21)
    at Object.get (src/lib/api.ts:53:29)
    at listExperiments (src/lib/api.ts:257:7)
    at ExperimentsTab.useCallback[refresh] (src/app/projects/[id]/tabs/experiments.tsx:47:35)
  25 |
  26 | async function request<T>(path: string, init?: RequestInit): Promise<T> {
> 27 |   const res = await fetch(`${API_BASE_URL}${path}`, {
     |                     ^
  28 |     headers: { "Content-Type": "application/json", ...(init?.headers ?? {}) },
  29 |     cache: "no-store",
  30 |     ...init,
[browser] ⨯ unhandledRejection: TypeError: Failed to fetch
    at request (src/lib/api.ts:27:21)
    at Object.get (src/lib/api.ts:53:29)
    at listExperiments (src/lib/api.ts:257:7)
    at ExperimentsTab.useCallback[refresh] (src/app/projects/[id]/tabs/experiments.tsx:47:35)
  25 |
  26 | async function request<T>(path: string, init?: RequestInit): Promise<T> {
> 27 |   const res = await fetch(`${API_BASE_URL}${path}`, {
     |                     ^
  28 |     headers: { "Content-Type": "application/json", ...(init?.headers ?? {}) },
  29 |     cache: "no-store",
  30 |     ...init,
[browser] ⨯ unhandledRejection: TypeError: Failed to fetch
    at request (src/lib/api.ts:27:21)
    at Object.get (src/lib/api.ts:53:29)
    at listExperiments (src/lib/api.ts:257:7)
    at ExperimentsTab.useCallback[refresh] (src/app/projects/[id]/tabs/experiments.tsx:47:35)
  25 |
  26 | async function request<T>(path: string, init?: RequestInit): Promise<T> {
> 27 |   const res = await fetch(`${API_BASE_URL}${path}`, {
     |                     ^
  28 |     headers: { "Content-Type": "application/json", ...(init?.headers ?? {}) },
  29 |     cache: "no-store",
  30 |     ...init,
[browser] ⨯ unhandledRejection: TypeError: Failed to fetch
    at request (src/lib/api.ts:27:21)
    at Object.get (src/lib/api.ts:53:29)
    at listExperiments (src/lib/api.ts:257:7)
    at ExperimentsTab.useCallback[refresh] (src/app/projects/[id]/tabs/experiments.tsx:47:35)
  25 |
  26 | async function request<T>(path: string, init?: RequestInit): Promise<T> {
> 27 |   const res = await fetch(`${API_BASE_URL}${path}`, {
     |                     ^
  28 |     headers: { "Content-Type": "application/json", ...(init?.headers ?? {}) },
  29 |     cache: "no-store",
  30 |     ...init,
[browser] ⨯ unhandledRejection: TypeError: Failed to fetch
    at request (src/lib/api.ts:27:21)
    at Object.get (src/lib/api.ts:53:29)
    at listExperiments (src/lib/api.ts:257:7)
    at ExperimentsTab.useCallback[refresh] (src/app/projects/[id]/tabs/experiments.tsx:47:35)
  25 |
  26 | async function request<T>(path: string, init?: RequestInit): Promise<T> {
> 27 |   const res = await fetch(`${API_BASE_URL}${path}`, {
     |                     ^
  28 |     headers: { "Content-Type": "application/json", ...(init?.headers ?? {}) },
  29 |     cache: "no-store",
  30 |     ...init,
[browser] ⨯ unhandledRejection: TypeError: Failed to fetch
    at request (src/lib/api.ts:27:21)
    at Object.get (src/lib/api.ts:53:29)
    at listExperiments (src/lib/api.ts:257:7)
    at ExperimentsTab.useCallback[refresh] (src/app/projects/[id]/tabs/experiments.tsx:47:35)
  25 |
  26 | async function request<T>(path: string, init?: RequestInit): Promise<T> {
> 27 |   const res = await fetch(`${API_BASE_URL}${path}`, {
     |                     ^
  28 |     headers: { "Content-Type": "application/json", ...(init?.headers ?? {}) },
  29 |     cache: "no-store",
  30 |     ...init,
[browser] ⨯ unhandledRejection: TypeError: Failed to fetch
    at request (src/lib/api.ts:27:21)
    at Object.get (src/lib/api.ts:53:29)
    at listExperiments (src/lib/api.ts:257:7)
    at ExperimentsTab.useCallback[refresh] (src/app/projects/[id]/tabs/experiments.tsx:47:35)
  25 |
  26 | async function request<T>(path: string, init?: RequestInit): Promise<T> {
> 27 |   const res = await fetch(`${API_BASE_URL}${path}`, {
     |                     ^
  28 |     headers: { "Content-Type": "application/json", ...(init?.headers ?? {}) },
  29 |     cache: "no-store",
  30 |     ...init,
[browser] ⨯ unhandledRejection: TypeError: Failed to fetch
    at request (src/lib/api.ts:27:21)
    at Object.get (src/lib/api.ts:53:29)
    at listExperiments (src/lib/api.ts:257:7)
    at ExperimentsTab.useCallback[refresh] (src/app/projects/[id]/tabs/experiments.tsx:47:35)
  25 |
  26 | async function request<T>(path: string, init?: RequestInit): Promise<T> {
> 27 |   const res = await fetch(`${API_BASE_URL}${path}`, {
     |                     ^
  28 |     headers: { "Content-Type": "application/json", ...(init?.headers ?? {}) },
  29 |     cache: "no-store",
  30 |     ...init,
[browser] ⨯ unhandledRejection: TypeError: Failed to fetch
    at request (src/lib/api.ts:27:21)
    at Object.get (src/lib/api.ts:53:29)
    at listExperiments (src/lib/api.ts:257:7)
    at ExperimentsTab.useCallback[refresh] (src/app/projects/[id]/tabs/experiments.tsx:47:35)
  25 |
  26 | async function request<T>(path: string, init?: RequestInit): Promise<T> {
> 27 |   const res = await fetch(`${API_BASE_URL}${path}`, {
     |                     ^
  28 |     headers: { "Content-Type": "application/json", ...(init?.headers ?? {}) },
  29 |     cache: "no-store",
  30 |     ...init,
[browser] ⨯ unhandledRejection: TypeError: Failed to fetch
    at request (src/lib/api.ts:27:21)
    at Object.get (src/lib/api.ts:53:29)
    at listExperiments (src/lib/api.ts:257:7)
    at ExperimentsTab.useCallback[refresh] (src/app/projects/[id]/tabs/experiments.tsx:47:35)
  25 |
  26 | async function request<T>(path: string, init?: RequestInit): Promise<T> {
> 27 |   const res = await fetch(`${API_BASE_URL}${path}`, {
     |                     ^
  28 |     headers: { "Content-Type": "application/json", ...(init?.headers ?? {}) },
  29 |     cache: "no-store",
  30 |     ...init,
[browser] ⨯ unhandledRejection: TypeError: Failed to fetch
    at request (src/lib/api.ts:27:21)
    at Object.get (src/lib/api.ts:53:29)
    at listExperiments (src/lib/api.ts:257:7)
    at ExperimentsTab.useCallback[refresh] (src/app/projects/[id]/tabs/experiments.tsx:47:35)
  25 |
  26 | async function request<T>(path: string, init?: RequestInit): Promise<T> {
> 27 |   const res = await fetch(`${API_BASE_URL}${path}`, {
     |                     ^
  28 |     headers: { "Content-Type": "application/json", ...(init?.headers ?? {}) },
  29 |     cache: "no-store",
  30 |     ...init,
[browser] ⨯ unhandledRejection: TypeError: Failed to fetch
    at request (src/lib/api.ts:27:21)
    at Object.get (src/lib/api.ts:53:29)
    at listExperiments (src/lib/api.ts:257:7)
    at ExperimentsTab.useCallback[refresh] (src/app/projects/[id]/tabs/experiments.tsx:47:35)
  25 |
  26 | async function request<T>(path: string, init?: RequestInit): Promise<T> {
> 27 |   const res = await fetch(`${API_BASE_URL}${path}`, {
     |                     ^
  28 |     headers: { "Content-Type": "application/json", ...(init?.headers ?? {}) },
  29 |     cache: "no-store",
  30 |     ...init,
[browser] ⨯ unhandledRejection: TypeError: Failed to fetch
    at request (src/lib/api.ts:27:21)
    at Object.get (src/lib/api.ts:53:29)
    at listExperiments (src/lib/api.ts:257:7)
    at ExperimentsTab.useCallback[refresh] (src/app/projects/[id]/tabs/experiments.tsx:47:35)
  25 |
  26 | async function request<T>(path: string, init?: RequestInit): Promise<T> {
> 27 |   const res = await fetch(`${API_BASE_URL}${path}`, {
     |                     ^
  28 |     headers: { "Content-Type": "application/json", ...(init?.headers ?? {}) },
  29 |     cache: "no-store",
  30 |     ...init,
[browser] ⨯ unhandledRejection: TypeError: Failed to fetch
    at request (src/lib/api.ts:27:21)
    at Object.get (src/lib/api.ts:53:29)
    at listExperiments (src/lib/api.ts:257:7)
    at ExperimentsTab.useCallback[refresh] (src/app/projects/[id]/tabs/experiments.tsx:47:35)
  25 |
  26 | async function request<T>(path: string, init?: RequestInit): Promise<T> {
> 27 |   const res = await fetch(`${API_BASE_URL}${path}`, {
     |                     ^
  28 |     headers: { "Content-Type": "application/json", ...(init?.headers ?? {}) },
  29 |     cache: "no-store",
  30 |     ...init,
[browser] ⨯ unhandledRejection: TypeError: Failed to fetch
    at request (src/lib/api.ts:27:21)
    at Object.get (src/lib/api.ts:53:29)
    at listExperiments (src/lib/api.ts:257:7)
    at ExperimentsTab.useCallback[refresh] (src/app/projects/[id]/tabs/experiments.tsx:47:35)
  25 |
  26 | async function request<T>(path: string, init?: RequestInit): Promise<T> {
> 27 |   const res = await fetch(`${API_BASE_URL}${path}`, {
     |                     ^
  28 |     headers: { "Content-Type": "application/json", ...(init?.headers ?? {}) },
  29 |     cache: "no-store",
  30 |     ...init,
[browser] ⨯ unhandledRejection: TypeError: Failed to fetch
    at request (src/lib/api.ts:27:21)
    at Object.get (src/lib/api.ts:53:29)
    at listExperiments (src/lib/api.ts:257:7)
    at ExperimentsTab.useCallback[refresh] (src/app/projects/[id]/tabs/experiments.tsx:47:35)
  25 |
  26 | async function request<T>(path: string, init?: RequestInit): Promise<T> {
> 27 |   const res = await fetch(`${API_BASE_URL}${path}`, {
     |                     ^
  28 |     headers: { "Content-Type": "application/json", ...(init?.headers ?? {}) },
  29 |     cache: "no-store",
  30 |     ...init,
[browser] ⨯ unhandledRejection: TypeError: Failed to fetch
    at request (src/lib/api.ts:27:21)
    at Object.get (src/lib/api.ts:53:29)
    at listExperiments (src/lib/api.ts:257:7)
    at ExperimentsTab.useCallback[refresh] (src/app/projects/[id]/tabs/experiments.tsx:47:35)
  25 |
  26 | async function request<T>(path: string, init?: RequestInit): Promise<T> {
> 27 |   const res = await fetch(`${API_BASE_URL}${path}`, {
     |                     ^
  28 |     headers: { "Content-Type": "application/json", ...(init?.headers ?? {}) },
  29 |     cache: "no-store",
  30 |     ...init,
[browser] ⨯ unhandledRejection: TypeError: Failed to fetch
    at request (src/lib/api.ts:27:21)
    at Object.get (src/lib/api.ts:53:29)
    at listExperiments (src/lib/api.ts:257:7)
    at ExperimentsTab.useCallback[refresh] (src/app/projects/[id]/tabs/experiments.tsx:47:35)
  25 |
  26 | async function request<T>(path: string, init?: RequestInit): Promise<T> {
> 27 |   const res = await fetch(`${API_BASE_URL}${path}`, {
     |                     ^
  28 |     headers: { "Content-Type": "application/json", ...(init?.headers ?? {}) },
  29 |     cache: "no-store",
  30 |     ...init,
[browser] ⨯ unhandledRejection: TypeError: Failed to fetch
    at request (src/lib/api.ts:27:21)
    at Object.get (src/lib/api.ts:53:29)
    at listExperiments (src/lib/api.ts:257:7)
    at ExperimentsTab.useCallback[refresh] (src/app/projects/[id]/tabs/experiments.tsx:47:35)
  25 |
  26 | async function request<T>(path: string, init?: RequestInit): Promise<T> {
> 27 |   const res = await fetch(`${API_BASE_URL}${path}`, {
     |                     ^
  28 |     headers: { "Content-Type": "application/json", ...(init?.headers ?? {}) },
  29 |     cache: "no-store",
  30 |     ...init,
[browser] ⨯ unhandledRejection: TypeError: Failed to fetch
    at request (src/lib/api.ts:27:21)
    at Object.get (src/lib/api.ts:53:29)
    at listExperiments (src/lib/api.ts:257:7)
    at ExperimentsTab.useCallback[refresh] (src/app/projects/[id]/tabs/experiments.tsx:47:35)
  25 |
  26 | async function request<T>(path: string, init?: RequestInit): Promise<T> {
> 27 |   const res = await fetch(`${API_BASE_URL}${path}`, {
     |                     ^
  28 |     headers: { "Content-Type": "application/json", ...(init?.headers ?? {}) },
  29 |     cache: "no-store",
  30 |     ...init,
[browser] ⨯ unhandledRejection: TypeError: Failed to fetch
    at request (src/lib/api.ts:27:21)
    at Object.get (src/lib/api.ts:53:29)
    at listExperiments (src/lib/api.ts:257:7)
    at ExperimentsTab.useCallback[refresh] (src/app/projects/[id]/tabs/experiments.tsx:47:35)
  25 |
  26 | async function request<T>(path: string, init?: RequestInit): Promise<T> {
> 27 |   const res = await fetch(`${API_BASE_URL}${path}`, {
     |                     ^
  28 |     headers: { "Content-Type": "application/json", ...(init?.headers ?? {}) },
  29 |     cache: "no-store",
  30 |     ...init,
[browser] ⨯ unhandledRejection: TypeError: Failed to fetch
    at request (src/lib/api.ts:27:21)
    at Object.get (src/lib/api.ts:53:29)
    at listExperiments (src/lib/api.ts:257:7)
    at ExperimentsTab.useCallback[refresh] (src/app/projects/[id]/tabs/experiments.tsx:47:35)
  25 |
  26 | async function request<T>(path: string, init?: RequestInit): Promise<T> {
> 27 |   const res = await fetch(`${API_BASE_URL}${path}`, {
     |                     ^
  28 |     headers: { "Content-Type": "application/json", ...(init?.headers ?? {}) },
  29 |     cache: "no-store",
  30 |     ...init,
[browser] ⨯ unhandledRejection: TypeError: Failed to fetch
    at request (src/lib/api.ts:27:21)
    at Object.get (src/lib/api.ts:53:29)
    at listExperiments (src/lib/api.ts:257:7)
    at ExperimentsTab.useCallback[refresh] (src/app/projects/[id]/tabs/experiments.tsx:47:35)
  25 |
  26 | async function request<T>(path: string, init?: RequestInit): Promise<T> {
> 27 |   const res = await fetch(`${API_BASE_URL}${path}`, {
     |                     ^
  28 |     headers: { "Content-Type": "application/json", ...(init?.headers ?? {}) },
  29 |     cache: "no-store",
  30 |     ...init,
[browser] ⨯ unhandledRejection: TypeError: Failed to fetch
    at request (src/lib/api.ts:27:21)
    at Object.get (src/lib/api.ts:53:29)
    at listExperiments (src/lib/api.ts:257:7)
    at ExperimentsTab.useCallback[refresh] (src/app/projects/[id]/tabs/experiments.tsx:47:35)
  25 |
  26 | async function request<T>(path: string, init?: RequestInit): Promise<T> {
> 27 |   const res = await fetch(`${API_BASE_URL}${path}`, {
     |                     ^
  28 |     headers: { "Content-Type": "application/json", ...(init?.headers ?? {}) },
  29 |     cache: "no-store",
  30 |     ...init,
[browser] ⨯ unhandledRejection: TypeError: Failed to fetch
    at request (src/lib/api.ts:27:21)
    at Object.get (src/lib/api.ts:53:29)
    at listExperiments (src/lib/api.ts:257:7)
    at ExperimentsTab.useCallback[refresh] (src/app/projects/[id]/tabs/experiments.tsx:47:35)
  25 |
  26 | async function request<T>(path: string, init?: RequestInit): Promise<T> {
> 27 |   const res = await fetch(`${API_BASE_URL}${path}`, {
     |                     ^
  28 |     headers: { "Content-Type": "application/json", ...(init?.headers ?? {}) },
  29 |     cache: "no-store",
  30 |     ...init,
[browser] ⨯ unhandledRejection: TypeError: Failed to fetch
    at request (src/lib/api.ts:27:21)
    at Object.get (src/lib/api.ts:53:29)
    at listExperiments (src/lib/api.ts:257:7)
    at ExperimentsTab.useCallback[refresh] (src/app/projects/[id]/tabs/experiments.tsx:47:35)
  25 |
  26 | async function request<T>(path: string, init?: RequestInit): Promise<T> {
> 27 |   const res = await fetch(`${API_BASE_URL}${path}`, {
     |                     ^
  28 |     headers: { "Content-Type": "application/json", ...(init?.headers ?? {}) },
  29 |     cache: "no-store",
  30 |     ...init,
[browser] ⨯ unhandledRejection: TypeError: Failed to fetch
    at request (src/lib/api.ts:27:21)
    at Object.get (src/lib/api.ts:53:29)
    at listExperiments (src/lib/api.ts:257:7)
    at ExperimentsTab.useCallback[refresh] (src/app/projects/[id]/tabs/experiments.tsx:47:35)
  25 |
  26 | async function request<T>(path: string, init?: RequestInit): Promise<T> {
> 27 |   const res = await fetch(`${API_BASE_URL}${path}`, {
     |                     ^
  28 |     headers: { "Content-Type": "application/json", ...(init?.headers ?? {}) },
  29 |     cache: "no-store",
  30 |     ...init,
[browser] ⨯ unhandledRejection: TypeError: Failed to fetch
    at request (src/lib/api.ts:27:21)
    at Object.get (src/lib/api.ts:53:29)
    at listExperiments (src/lib/api.ts:257:7)
    at ExperimentsTab.useCallback[refresh] (src/app/projects/[id]/tabs/experiments.tsx:47:35)
  25 |
  26 | async function request<T>(path: string, init?: RequestInit): Promise<T> {
> 27 |   const res = await fetch(`${API_BASE_URL}${path}`, {
     |                     ^
  28 |     headers: { "Content-Type": "application/json", ...(init?.headers ?? {}) },
  29 |     cache: "no-store",
  30 |     ...init,
[browser] ⨯ unhandledRejection: TypeError: Failed to fetch
    at request (src/lib/api.ts:27:21)
    at Object.get (src/lib/api.ts:53:29)
    at listExperiments (src/lib/api.ts:257:7)
    at ExperimentsTab.useCallback[refresh] (src/app/projects/[id]/tabs/experiments.tsx:47:35)
  25 |
  26 | async function request<T>(path: string, init?: RequestInit): Promise<T> {
> 27 |   const res = await fetch(`${API_BASE_URL}${path}`, {
     |                     ^
  28 |     headers: { "Content-Type": "application/json", ...(init?.headers ?? {}) },
  29 |     cache: "no-store",
  30 |     ...init,
[browser] ⨯ unhandledRejection: TypeError: Failed to fetch
    at request (src/lib/api.ts:27:21)
    at Object.get (src/lib/api.ts:53:29)
    at listExperiments (src/lib/api.ts:257:7)
    at ExperimentsTab.useCallback[refresh] (src/app/projects/[id]/tabs/experiments.tsx:47:35)
  25 |
  26 | async function request<T>(path: string, init?: RequestInit): Promise<T> {
> 27 |   const res = await fetch(`${API_BASE_URL}${path}`, {
     |                     ^
  28 |     headers: { "Content-Type": "application/json", ...(init?.headers ?? {}) },
  29 |     cache: "no-store",
  30 |     ...init,
[browser] ⨯ unhandledRejection: TypeError: Failed to fetch
    at request (src/lib/api.ts:27:21)
    at Object.get (src/lib/api.ts:53:29)
    at listExperiments (src/lib/api.ts:257:7)
    at ExperimentsTab.useCallback[refresh] (src/app/projects/[id]/tabs/experiments.tsx:47:35)
  25 |
  26 | async function request<T>(path: string, init?: RequestInit): Promise<T> {
> 27 |   const res = await fetch(`${API_BASE_URL}${path}`, {
     |                     ^
  28 |     headers: { "Content-Type": "application/json", ...(init?.headers ?? {}) },
  29 |     cache: "no-store",
  30 |     ...init,
[browser] ⨯ unhandledRejection: TypeError: Failed to fetch
    at request (src/lib/api.ts:27:21)
    at Object.get (src/lib/api.ts:53:29)
    at listExperiments (src/lib/api.ts:257:7)
    at ExperimentsTab.useCallback[refresh] (src/app/projects/[id]/tabs/experiments.tsx:47:35)
  25 |
  26 | async function request<T>(path: string, init?: RequestInit): Promise<T> {
> 27 |   const res = await fetch(`${API_BASE_URL}${path}`, {
     |                     ^
  28 |     headers: { "Content-Type": "application/json", ...(init?.headers ?? {}) },
  29 |     cache: "no-store",
  30 |     ...init,
[browser] ⨯ unhandledRejection: TypeError: Failed to fetch
    at request (src/lib/api.ts:27:21)
    at Object.get (src/lib/api.ts:53:29)
    at listExperiments (src/lib/api.ts:257:7)
    at ExperimentsTab.useCallback[refresh] (src/app/projects/[id]/tabs/experiments.tsx:47:35)
  25 |
  26 | async function request<T>(path: string, init?: RequestInit): Promise<T> {
> 27 |   const res = await fetch(`${API_BASE_URL}${path}`, {
     |                     ^
  28 |     headers: { "Content-Type": "application/json", ...(init?.headers ?? {}) },
  29 |     cache: "no-store",
  30 |     ...init,
[browser] ⨯ unhandledRejection: TypeError: Failed to fetch
    at request (src/lib/api.ts:27:21)
    at Object.get (src/lib/api.ts:53:29)
    at listExperiments (src/lib/api.ts:257:7)
    at ExperimentsTab.useCallback[refresh] (src/app/projects/[id]/tabs/experiments.tsx:47:35)
  25 |
  26 | async function request<T>(path: string, init?: RequestInit): Promise<T> {
> 27 |   const res = await fetch(`${API_BASE_URL}${path}`, {
     |                     ^
  28 |     headers: { "Content-Type": "application/json", ...(init?.headers ?? {}) },
  29 |     cache: "no-store",
  30 |     ...init,
[browser] ⨯ unhandledRejection: TypeError: Failed to fetch
    at request (src/lib/api.ts:27:21)
    at Object.get (src/lib/api.ts:53:29)
    at listExperiments (src/lib/api.ts:257:7)
    at ExperimentsTab.useCallback[refresh] (src/app/projects/[id]/tabs/experiments.tsx:47:35)
  25 |
  26 | async function request<T>(path: string, init?: RequestInit): Promise<T> {
> 27 |   const res = await fetch(`${API_BASE_URL}${path}`, {
     |                     ^
  28 |     headers: { "Content-Type": "application/json", ...(init?.headers ?? {}) },
  29 |     cache: "no-store",
  30 |     ...init,
[browser] ⨯ unhandledRejection: TypeError: Failed to fetch
    at request (src/lib/api.ts:27:21)
    at Object.get (src/lib/api.ts:53:29)
    at listExperiments (src/lib/api.ts:257:7)
    at ExperimentsTab.useCallback[refresh] (src/app/projects/[id]/tabs/experiments.tsx:47:35)
  25 |
  26 | async function request<T>(path: string, init?: RequestInit): Promise<T> {
> 27 |   const res = await fetch(`${API_BASE_URL}${path}`, {
     |                     ^
  28 |     headers: { "Content-Type": "application/json", ...(init?.headers ?? {}) },
  29 |     cache: "no-store",
  30 |     ...init,
[browser] ⨯ unhandledRejection: TypeError: Failed to fetch
    at request (src/lib/api.ts:27:21)
    at Object.get (src/lib/api.ts:53:29)
    at listExperiments (src/lib/api.ts:257:7)
    at ExperimentsTab.useCallback[refresh] (src/app/projects/[id]/tabs/experiments.tsx:47:35)
  25 |
  26 | async function request<T>(path: string, init?: RequestInit): Promise<T> {
> 27 |   const res = await fetch(`${API_BASE_URL}${path}`, {
     |                     ^
  28 |     headers: { "Content-Type": "application/json", ...(init?.headers ?? {}) },
  29 |     cache: "no-store",
  30 |     ...init,
[browser] ⨯ unhandledRejection: TypeError: Failed to fetch
    at request (src/lib/api.ts:27:21)
    at Object.get (src/lib/api.ts:53:29)
    at listExperiments (src/lib/api.ts:257:7)
    at ExperimentsTab.useCallback[refresh] (src/app/projects/[id]/tabs/experiments.tsx:47:35)
  25 |
  26 | async function request<T>(path: string, init?: RequestInit): Promise<T> {
> 27 |   const res = await fetch(`${API_BASE_URL}${path}`, {
     |                     ^
  28 |     headers: { "Content-Type": "application/json", ...(init?.headers ?? {}) },
  29 |     cache: "no-store",
  30 |     ...init,
[browser] ⨯ unhandledRejection: TypeError: Failed to fetch
    at request (src/lib/api.ts:27:21)
    at Object.get (src/lib/api.ts:53:29)
    at listExperiments (src/lib/api.ts:257:7)
    at ExperimentsTab.useCallback[refresh] (src/app/projects/[id]/tabs/experiments.tsx:47:35)
  25 |
  26 | async function request<T>(path: string, init?: RequestInit): Promise<T> {
> 27 |   const res = await fetch(`${API_BASE_URL}${path}`, {
     |                     ^
  28 |     headers: { "Content-Type": "application/json", ...(init?.headers ?? {}) },
  29 |     cache: "no-store",
  30 |     ...init,
[browser] ⨯ unhandledRejection: TypeError: Failed to fetch
    at request (src/lib/api.ts:27:21)
    at Object.get (src/lib/api.ts:53:29)
    at listExperiments (src/lib/api.ts:257:7)
    at ExperimentsTab.useCallback[refresh] (src/app/projects/[id]/tabs/experiments.tsx:47:35)
  25 |
  26 | async function request<T>(path: string, init?: RequestInit): Promise<T> {
> 27 |   const res = await fetch(`${API_BASE_URL}${path}`, {
     |                     ^
  28 |     headers: { "Content-Type": "application/json", ...(init?.headers ?? {}) },
  29 |     cache: "no-store",
  30 |     ...init,
[browser] ⨯ unhandledRejection: TypeError: Failed to fetch
    at request (src/lib/api.ts:27:21)
    at Object.get (src/lib/api.ts:53:29)
    at listExperiments (src/lib/api.ts:257:7)
    at ExperimentsTab.useCallback[refresh] (src/app/projects/[id]/tabs/experiments.tsx:47:35)
  25 |
  26 | async function request<T>(path: string, init?: RequestInit): Promise<T> {
> 27 |   const res = await fetch(`${API_BASE_URL}${path}`, {
     |                     ^
  28 |     headers: { "Content-Type": "application/json", ...(init?.headers ?? {}) },
  29 |     cache: "no-store",
  30 |     ...init,
[browser] ⨯ unhandledRejection: TypeError: Failed to fetch
    at request (src/lib/api.ts:27:21)
    at Object.get (src/lib/api.ts:53:29)
    at listExperiments (src/lib/api.ts:257:7)
    at ExperimentsTab.useCallback[refresh] (src/app/projects/[id]/tabs/experiments.tsx:47:35)
  25 |
  26 | async function request<T>(path: string, init?: RequestInit): Promise<T> {
> 27 |   const res = await fetch(`${API_BASE_URL}${path}`, {
     |                     ^
  28 |     headers: { "Content-Type": "application/json", ...(init?.headers ?? {}) },
  29 |     cache: "no-store",
  30 |     ...init,
[browser] ⨯ unhandledRejection: TypeError: Failed to fetch
    at request (src/lib/api.ts:27:21)
    at Object.get (src/lib/api.ts:53:29)
    at listExperiments (src/lib/api.ts:257:7)
    at ExperimentsTab.useCallback[refresh] (src/app/projects/[id]/tabs/experiments.tsx:47:35)
  25 |
  26 | async function request<T>(path: string, init?: RequestInit): Promise<T> {
> 27 |   const res = await fetch(`${API_BASE_URL}${path}`, {
     |                     ^
  28 |     headers: { "Content-Type": "application/json", ...(init?.headers ?? {}) },
  29 |     cache: "no-store",
  30 |     ...init,
[browser] ⨯ unhandledRejection: TypeError: Failed to fetch
    at request (src/lib/api.ts:27:21)
    at Object.get (src/lib/api.ts:53:29)
    at listExperiments (src/lib/api.ts:257:7)
    at ExperimentsTab.useCallback[refresh] (src/app/projects/[id]/tabs/experiments.tsx:47:35)
  25 |
  26 | async function request<T>(path: string, init?: RequestInit): Promise<T> {
> 27 |   const res = await fetch(`${API_BASE_URL}${path}`, {
     |                     ^
  28 |     headers: { "Content-Type": "application/json", ...(init?.headers ?? {}) },
  29 |     cache: "no-store",
  30 |     ...init,
[browser] ⨯ unhandledRejection: TypeError: Failed to fetch
    at request (src/lib/api.ts:27:21)
    at Object.get (src/lib/api.ts:53:29)
    at listExperiments (src/lib/api.ts:257:7)
    at ExperimentsTab.useCallback[refresh] (src/app/projects/[id]/tabs/experiments.tsx:47:35)
  25 |
  26 | async function request<T>(path: string, init?: RequestInit): Promise<T> {
> 27 |   const res = await fetch(`${API_BASE_URL}${path}`, {
     |                     ^
  28 |     headers: { "Content-Type": "application/json", ...(init?.headers ?? {}) },
  29 |     cache: "no-store",
  30 |     ...init,
[browser] ⨯ unhandledRejection: TypeError: Failed to fetch
    at request (src/lib/api.ts:27:21)
    at Object.get (src/lib/api.ts:53:29)
    at listExperiments (src/lib/api.ts:257:7)
    at ExperimentsTab.useCallback[refresh] (src/app/projects/[id]/tabs/experiments.tsx:47:35)
  25 |
  26 | async function request<T>(path: string, init?: RequestInit): Promise<T> {
> 27 |   const res = await fetch(`${API_BASE_URL}${path}`, {
     |                     ^
  28 |     headers: { "Content-Type": "application/json", ...(init?.headers ?? {}) },
  29 |     cache: "no-store",
  30 |     ...init,
[browser] ⨯ unhandledRejection: TypeError: Failed to fetch
    at request (src/lib/api.ts:27:21)
    at Object.get (src/lib/api.ts:53:29)
    at listExperiments (src/lib/api.ts:257:7)
    at ExperimentsTab.useCallback[refresh] (src/app/projects/[id]/tabs/experiments.tsx:47:35)
  25 |
  26 | async function request<T>(path: string, init?: RequestInit): Promise<T> {
> 27 |   const res = await fetch(`${API_BASE_URL}${path}`, {
     |                     ^
  28 |     headers: { "Content-Type": "application/json", ...(init?.headers ?? {}) },
  29 |     cache: "no-store",
  30 |     ...init,
[browser] ⨯ unhandledRejection: TypeError: Failed to fetch
    at request (src/lib/api.ts:27:21)
    at Object.get (src/lib/api.ts:53:29)
    at listExperiments (src/lib/api.ts:257:7)
    at ExperimentsTab.useCallback[refresh] (src/app/projects/[id]/tabs/experiments.tsx:47:35)
  25 |
  26 | async function request<T>(path: string, init?: RequestInit): Promise<T> {
> 27 |   const res = await fetch(`${API_BASE_URL}${path}`, {
     |                     ^
  28 |     headers: { "Content-Type": "application/json", ...(init?.headers ?? {}) },
  29 |     cache: "no-store",
  30 |     ...init,
[browser] ⨯ unhandledRejection: TypeError: Failed to fetch
    at request (src/lib/api.ts:27:21)
    at Object.get (src/lib/api.ts:53:29)
    at listExperiments (src/lib/api.ts:257:7)
    at ExperimentsTab.useCallback[refresh] (src/app/projects/[id]/tabs/experiments.tsx:47:35)
  25 |
  26 | async function request<T>(path: string, init?: RequestInit): Promise<T> {
> 27 |   const res = await fetch(`${API_BASE_URL}${path}`, {
     |                     ^
  28 |     headers: { "Content-Type": "application/json", ...(init?.headers ?? {}) },
  29 |     cache: "no-store",
  30 |     ...init,
[browser] ⨯ unhandledRejection: TypeError: Failed to fetch
    at request (src/lib/api.ts:27:21)
    at Object.get (src/lib/api.ts:53:29)
    at listExperiments (src/lib/api.ts:257:7)
    at ExperimentsTab.useCallback[refresh] (src/app/projects/[id]/tabs/experiments.tsx:47:35)
  25 |
  26 | async function request<T>(path: string, init?: RequestInit): Promise<T> {
> 27 |   const res = await fetch(`${API_BASE_URL}${path}`, {
     |                     ^
  28 |     headers: { "Content-Type": "application/json", ...(init?.headers ?? {}) },
  29 |     cache: "no-store",
  30 |     ...init,
[browser] ⨯ unhandledRejection: TypeError: Failed to fetch
    at request (src/lib/api.ts:27:21)
    at Object.get (src/lib/api.ts:53:29)
    at listExperiments (src/lib/api.ts:257:7)
    at ExperimentsTab.useCallback[refresh] (src/app/projects/[id]/tabs/experiments.tsx:47:35)
  25 |
  26 | async function request<T>(path: string, init?: RequestInit): Promise<T> {
> 27 |   const res = await fetch(`${API_BASE_URL}${path}`, {
     |                     ^
  28 |     headers: { "Content-Type": "application/json", ...(init?.headers ?? {}) },
  29 |     cache: "no-store",
  30 |     ...init,
[browser] ⨯ unhandledRejection: TypeError: Failed to fetch
    at request (src/lib/api.ts:27:21)
    at Object.get (src/lib/api.ts:53:29)
    at listExperiments (src/lib/api.ts:257:7)
    at ExperimentsTab.useCallback[refresh] (src/app/projects/[id]/tabs/experiments.tsx:47:35)
  25 |
  26 | async function request<T>(path: string, init?: RequestInit): Promise<T> {
> 27 |   const res = await fetch(`${API_BASE_URL}${path}`, {
     |                     ^
  28 |     headers: { "Content-Type": "application/json", ...(init?.headers ?? {}) },
  29 |     cache: "no-store",
  30 |     ...init,
[browser] ⨯ unhandledRejection: TypeError: Failed to fetch
    at request (src/lib/api.ts:27:21)
    at Object.get (src/lib/api.ts:53:29)
    at listExperiments (src/lib/api.ts:257:7)
    at ExperimentsTab.useCallback[refresh] (src/app/projects/[id]/tabs/experiments.tsx:47:35)
  25 |
  26 | async function request<T>(path: string, init?: RequestInit): Promise<T> {
> 27 |   const res = await fetch(`${API_BASE_URL}${path}`, {
     |                     ^
  28 |     headers: { "Content-Type": "application/json", ...(init?.headers ?? {}) },
  29 |     cache: "no-store",
  30 |     ...init,
[browser] ⨯ unhandledRejection: TypeError: Failed to fetch
    at request (src/lib/api.ts:27:21)
    at Object.get (src/lib/api.ts:53:29)
    at listExperiments (src/lib/api.ts:257:7)
    at ExperimentsTab.useCallback[refresh] (src/app/projects/[id]/tabs/experiments.tsx:47:35)
  25 |
  26 | async function request<T>(path: string, init?: RequestInit): Promise<T> {
> 27 |   const res = await fetch(`${API_BASE_URL}${path}`, {
     |                     ^
  28 |     headers: { "Content-Type": "application/json", ...(init?.headers ?? {}) },
  29 |     cache: "no-store",
  30 |     ...init,
[browser] ⨯ unhandledRejection: TypeError: Failed to fetch
    at request (src/lib/api.ts:27:21)
    at Object.get (src/lib/api.ts:53:29)
    at listExperiments (src/lib/api.ts:257:7)
    at ExperimentsTab.useCallback[refresh] (src/app/projects/[id]/tabs/experiments.tsx:47:35)
  25 |
  26 | async function request<T>(path: string, init?: RequestInit): Promise<T> {
> 27 |   const res = await fetch(`${API_BASE_URL}${path}`, {
     |                     ^
  28 |     headers: { "Content-Type": "application/json", ...(init?.headers ?? {}) },
  29 |     cache: "no-store",
  30 |     ...init,
[browser] ⨯ unhandledRejection: TypeError: Failed to fetch
    at request (src/lib/api.ts:27:21)
    at Object.get (src/lib/api.ts:53:29)
    at listExperiments (src/lib/api.ts:257:7)
    at ExperimentsTab.useCallback[refresh] (src/app/projects/[id]/tabs/experiments.tsx:47:35)
  25 |
  26 | async function request<T>(path: string, init?: RequestInit): Promise<T> {
> 27 |   const res = await fetch(`${API_BASE_URL}${path}`, {
     |                     ^
  28 |     headers: { "Content-Type": "application/json", ...(init?.headers ?? {}) },
  29 |     cache: "no-store",
  30 |     ...init,
[browser] ⨯ unhandledRejection: TypeError: Failed to fetch
    at request (src/lib/api.ts:27:21)
    at Object.get (src/lib/api.ts:53:29)
    at listExperiments (src/lib/api.ts:257:7)
    at ExperimentsTab.useCallback[refresh] (src/app/projects/[id]/tabs/experiments.tsx:47:35)
  25 |
  26 | async function request<T>(path: string, init?: RequestInit): Promise<T> {
> 27 |   const res = await fetch(`${API_BASE_URL}${path}`, {
     |                     ^
  28 |     headers: { "Content-Type": "application/json", ...(init?.headers ?? {}) },
  29 |     cache: "no-store",
  30 |     ...init,
[browser] ⨯ unhandledRejection: TypeError: Failed to fetch
    at request (src/lib/api.ts:27:21)
    at Object.get (src/lib/api.ts:53:29)
    at listExperiments (src/lib/api.ts:257:7)
    at ExperimentsTab.useCallback[refresh] (src/app/projects/[id]/tabs/experiments.tsx:47:35)
  25 |
  26 | async function request<T>(path: string, init?: RequestInit): Promise<T> {
> 27 |   const res = await fetch(`${API_BASE_URL}${path}`, {
     |                     ^
  28 |     headers: { "Content-Type": "application/json", ...(init?.headers ?? {}) },
  29 |     cache: "no-store",
  30 |     ...init,
[browser] ⨯ unhandledRejection: TypeError: Failed to fetch
    at request (src/lib/api.ts:27:21)
    at Object.get (src/lib/api.ts:53:29)
    at listExperiments (src/lib/api.ts:257:7)
    at ExperimentsTab.useCallback[refresh] (src/app/projects/[id]/tabs/experiments.tsx:47:35)
  25 |
  26 | async function request<T>(path: string, init?: RequestInit): Promise<T> {
> 27 |   const res = await fetch(`${API_BASE_URL}${path}`, {
     |                     ^
  28 |     headers: { "Content-Type": "application/json", ...(init?.headers ?? {}) },
  29 |     cache: "no-store",
  30 |     ...init,
[browser] ⨯ unhandledRejection: TypeError: Failed to fetch
    at request (src/lib/api.ts:27:21)
    at Object.get (src/lib/api.ts:53:29)
    at listExperiments (src/lib/api.ts:257:7)
    at ExperimentsTab.useCallback[refresh] (src/app/projects/[id]/tabs/experiments.tsx:47:35)
  25 |
  26 | async function request<T>(path: string, init?: RequestInit): Promise<T> {
> 27 |   const res = await fetch(`${API_BASE_URL}${path}`, {
     |                     ^
  28 |     headers: { "Content-Type": "application/json", ...(init?.headers ?? {}) },
  29 |     cache: "no-store",
  30 |     ...init,
[browser] ⨯ unhandledRejection: TypeError: Failed to fetch
    at request (src/lib/api.ts:27:21)
    at Object.get (src/lib/api.ts:53:29)
    at listExperiments (src/lib/api.ts:257:7)
    at ExperimentsTab.useCallback[refresh] (src/app/projects/[id]/tabs/experiments.tsx:47:35)
  25 |
  26 | async function request<T>(path: string, init?: RequestInit): Promise<T> {
> 27 |   const res = await fetch(`${API_BASE_URL}${path}`, {
     |                     ^
  28 |     headers: { "Content-Type": "application/json", ...(init?.headers ?? {}) },
  29 |     cache: "no-store",
  30 |     ...init,
[browser] ⨯ unhandledRejection: TypeError: Failed to fetch
    at request (src/lib/api.ts:27:21)
    at Object.get (src/lib/api.ts:53:29)
    at listExperiments (src/lib/api.ts:257:7)
    at ExperimentsTab.useCallback[refresh] (src/app/projects/[id]/tabs/experiments.tsx:47:35)
  25 |
  26 | async function request<T>(path: string, init?: RequestInit): Promise<T> {
> 27 |   const res = await fetch(`${API_BASE_URL}${path}`, {
     |                     ^
  28 |     headers: { "Content-Type": "application/json", ...(init?.headers ?? {}) },
  29 |     cache: "no-store",
  30 |     ...init,
[browser] ⨯ unhandledRejection: TypeError: Failed to fetch
    at request (src/lib/api.ts:27:21)
    at Object.get (src/lib/api.ts:53:29)
    at listExperiments (src/lib/api.ts:257:7)
    at ExperimentsTab.useCallback[refresh] (src/app/projects/[id]/tabs/experiments.tsx:47:35)
  25 |
  26 | async function request<T>(path: string, init?: RequestInit): Promise<T> {
> 27 |   const res = await fetch(`${API_BASE_URL}${path}`, {
     |                     ^
  28 |     headers: { "Content-Type": "application/json", ...(init?.headers ?? {}) },
  29 |     cache: "no-store",
  30 |     ...init,
[browser] ⨯ unhandledRejection: TypeError: Failed to fetch
    at request (src/lib/api.ts:27:21)
    at Object.get (src/lib/api.ts:53:29)
    at listExperiments (src/lib/api.ts:257:7)
    at ExperimentsTab.useCallback[refresh] (src/app/projects/[id]/tabs/experiments.tsx:47:35)
  25 |
  26 | async function request<T>(path: string, init?: RequestInit): Promise<T> {
> 27 |   const res = await fetch(`${API_BASE_URL}${path}`, {
     |                     ^
  28 |     headers: { "Content-Type": "application/json", ...(init?.headers ?? {}) },
  29 |     cache: "no-store",
  30 |     ...init,
[browser] ⨯ unhandledRejection: TypeError: Failed to fetch
    at request (src/lib/api.ts:27:21)
    at Object.get (src/lib/api.ts:53:29)
    at listExperiments (src/lib/api.ts:257:7)
    at ExperimentsTab.useCallback[refresh] (src/app/projects/[id]/tabs/experiments.tsx:47:35)
  25 |
  26 | async function request<T>(path: string, init?: RequestInit): Promise<T> {
> 27 |   const res = await fetch(`${API_BASE_URL}${path}`, {
     |                     ^
  28 |     headers: { "Content-Type": "application/json", ...(init?.headers ?? {}) },
  29 |     cache: "no-store",
  30 |     ...init,
[browser] ⨯ unhandledRejection: TypeError: Failed to fetch
    at request (src/lib/api.ts:27:21)
    at Object.get (src/lib/api.ts:53:29)
    at listExperiments (src/lib/api.ts:257:7)
    at ExperimentsTab.useCallback[refresh] (src/app/projects/[id]/tabs/experiments.tsx:47:35)
  25 |
  26 | async function request<T>(path: string, init?: RequestInit): Promise<T> {
> 27 |   const res = await fetch(`${API_BASE_URL}${path}`, {
     |                     ^
  28 |     headers: { "Content-Type": "application/json", ...(init?.headers ?? {}) },
  29 |     cache: "no-store",
  30 |     ...init,
[browser] ⨯ unhandledRejection: TypeError: Failed to fetch
    at request (src/lib/api.ts:27:21)
    at Object.get (src/lib/api.ts:53:29)
    at listExperiments (src/lib/api.ts:257:7)
    at ExperimentsTab.useCallback[refresh] (src/app/projects/[id]/tabs/experiments.tsx:47:35)
  25 |
  26 | async function request<T>(path: string, init?: RequestInit): Promise<T> {
> 27 |   const res = await fetch(`${API_BASE_URL}${path}`, {
     |                     ^
  28 |     headers: { "Content-Type": "application/json", ...(init?.headers ?? {}) },
  29 |     cache: "no-store",
  30 |     ...init,
[browser] ⨯ unhandledRejection: TypeError: Failed to fetch
    at request (src/lib/api.ts:27:21)
    at Object.get (src/lib/api.ts:53:29)
    at listExperiments (src/lib/api.ts:257:7)
    at ExperimentsTab.useCallback[refresh] (src/app/projects/[id]/tabs/experiments.tsx:47:35)
  25 |
  26 | async function request<T>(path: string, init?: RequestInit): Promise<T> {
> 27 |   const res = await fetch(`${API_BASE_URL}${path}`, {
     |                     ^
  28 |     headers: { "Content-Type": "application/json", ...(init?.headers ?? {}) },
  29 |     cache: "no-store",
  30 |     ...init,
[browser] ⨯ unhandledRejection: TypeError: Failed to fetch
    at request (src/lib/api.ts:27:21)
    at Object.get (src/lib/api.ts:53:29)
    at listExperiments (src/lib/api.ts:257:7)
    at ExperimentsTab.useCallback[refresh] (src/app/projects/[id]/tabs/experiments.tsx:47:35)
  25 |
  26 | async function request<T>(path: string, init?: RequestInit): Promise<T> {
> 27 |   const res = await fetch(`${API_BASE_URL}${path}`, {
     |                     ^
  28 |     headers: { "Content-Type": "application/json", ...(init?.headers ?? {}) },
  29 |     cache: "no-store",
  30 |     ...init,
[browser] ⨯ unhandledRejection: TypeError: Failed to fetch
    at request (src/lib/api.ts:27:21)
    at Object.get (src/lib/api.ts:53:29)
    at listExperiments (src/lib/api.ts:257:7)
    at ExperimentsTab.useCallback[refresh] (src/app/projects/[id]/tabs/experiments.tsx:47:35)
  25 |
  26 | async function request<T>(path: string, init?: RequestInit): Promise<T> {
> 27 |   const res = await fetch(`${API_BASE_URL}${path}`, {
     |                     ^
  28 |     headers: { "Content-Type": "application/json", ...(init?.headers ?? {}) },
  29 |     cache: "no-store",
  30 |     ...init,
[browser] ⨯ unhandledRejection: TypeError: Failed to fetch
    at request (src/lib/api.ts:27:21)
    at Object.get (src/lib/api.ts:53:29)
    at listExperiments (src/lib/api.ts:257:7)
    at ExperimentsTab.useCallback[refresh] (src/app/projects/[id]/tabs/experiments.tsx:47:35)
  25 |
  26 | async function request<T>(path: string, init?: RequestInit): Promise<T> {
> 27 |   const res = await fetch(`${API_BASE_URL}${path}`, {
     |                     ^
  28 |     headers: { "Content-Type": "application/json", ...(init?.headers ?? {}) },
  29 |     cache: "no-store",
  30 |     ...init,
[browser] ⨯ unhandledRejection: TypeError: Failed to fetch
    at request (src/lib/api.ts:27:21)
    at Object.get (src/lib/api.ts:53:29)
    at listExperiments (src/lib/api.ts:257:7)
    at ExperimentsTab.useCallback[refresh] (src/app/projects/[id]/tabs/experiments.tsx:47:35)
  25 |
  26 | async function request<T>(path: string, init?: RequestInit): Promise<T> {
> 27 |   const res = await fetch(`${API_BASE_URL}${path}`, {
     |                     ^
  28 |     headers: { "Content-Type": "application/json", ...(init?.headers ?? {}) },
  29 |     cache: "no-store",
  30 |     ...init,
[browser] ⨯ unhandledRejection: TypeError: Failed to fetch
    at request (src/lib/api.ts:27:21)
    at Object.get (src/lib/api.ts:53:29)
    at listExperiments (src/lib/api.ts:257:7)
    at ExperimentsTab.useCallback[refresh] (src/app/projects/[id]/tabs/experiments.tsx:47:35)
  25 |
  26 | async function request<T>(path: string, init?: RequestInit): Promise<T> {
> 27 |   const res = await fetch(`${API_BASE_URL}${path}`, {
     |                     ^
  28 |     headers: { "Content-Type": "application/json", ...(init?.headers ?? {}) },
  29 |     cache: "no-store",
  30 |     ...init,
[browser] ⨯ unhandledRejection: TypeError: Failed to fetch
    at request (src/lib/api.ts:27:21)
    at Object.get (src/lib/api.ts:53:29)
    at listExperiments (src/lib/api.ts:257:7)
    at ExperimentsTab.useCallback[refresh] (src/app/projects/[id]/tabs/experiments.tsx:47:35)
  25 |
  26 | async function request<T>(path: string, init?: RequestInit): Promise<T> {
> 27 |   const res = await fetch(`${API_BASE_URL}${path}`, {
     |                     ^
  28 |     headers: { "Content-Type": "application/json", ...(init?.headers ?? {}) },
  29 |     cache: "no-store",
  30 |     ...init,
[browser] ⨯ unhandledRejection: TypeError: Failed to fetch
    at request (src/lib/api.ts:27:21)
    at Object.get (src/lib/api.ts:53:29)
    at listExperiments (src/lib/api.ts:257:7)
    at ExperimentsTab.useCallback[refresh] (src/app/projects/[id]/tabs/experiments.tsx:47:35)
  25 |
  26 | async function request<T>(path: string, init?: RequestInit): Promise<T> {
> 27 |   const res = await fetch(`${API_BASE_URL}${path}`, {
     |                     ^
  28 |     headers: { "Content-Type": "application/json", ...(init?.headers ?? {}) },
  29 |     cache: "no-store",
  30 |     ...init,
[browser] ⨯ unhandledRejection: TypeError: Failed to fetch
    at request (src/lib/api.ts:27:21)
    at Object.get (src/lib/api.ts:53:29)
    at listExperiments (src/lib/api.ts:257:7)
    at ExperimentsTab.useCallback[refresh] (src/app/projects/[id]/tabs/experiments.tsx:47:35)
  25 |
  26 | async function request<T>(path: string, init?: RequestInit): Promise<T> {
> 27 |   const res = await fetch(`${API_BASE_URL}${path}`, {
     |                     ^
  28 |     headers: { "Content-Type": "application/json", ...(init?.headers ?? {}) },
  29 |     cache: "no-store",
  30 |     ...init,
[browser] ⨯ unhandledRejection: TypeError: Failed to fetch
    at request (src/lib/api.ts:27:21)
    at Object.get (src/lib/api.ts:53:29)
    at listExperiments (src/lib/api.ts:257:7)
    at ExperimentsTab.useCallback[refresh] (src/app/projects/[id]/tabs/experiments.tsx:47:35)
  25 |
  26 | async function request<T>(path: string, init?: RequestInit): Promise<T> {
> 27 |   const res = await fetch(`${API_BASE_URL}${path}`, {
     |                     ^
  28 |     headers: { "Content-Type": "application/json", ...(init?.headers ?? {}) },
  29 |     cache: "no-store",
  30 |     ...init,
[browser] ⨯ unhandledRejection: TypeError: Failed to fetch
    at request (src/lib/api.ts:27:21)
    at Object.get (src/lib/api.ts:53:29)
    at listExperiments (src/lib/api.ts:257:7)
    at ExperimentsTab.useCallback[refresh] (src/app/projects/[id]/tabs/experiments.tsx:47:35)
  25 |
  26 | async function request<T>(path: string, init?: RequestInit): Promise<T> {
> 27 |   const res = await fetch(`${API_BASE_URL}${path}`, {
     |                     ^
  28 |     headers: { "Content-Type": "application/json", ...(init?.headers ?? {}) },
  29 |     cache: "no-store",
  30 |     ...init,
[browser] ⨯ unhandledRejection: TypeError: Failed to fetch
    at request (src/lib/api.ts:27:21)
    at Object.get (src/lib/api.ts:53:29)
    at listExperiments (src/lib/api.ts:257:7)
    at ExperimentsTab.useCallback[refresh] (src/app/projects/[id]/tabs/experiments.tsx:47:35)
  25 |
  26 | async function request<T>(path: string, init?: RequestInit): Promise<T> {
> 27 |   const res = await fetch(`${API_BASE_URL}${path}`, {
     |                     ^
  28 |     headers: { "Content-Type": "application/json", ...(init?.headers ?? {}) },
  29 |     cache: "no-store",
  30 |     ...init,
[browser] ⨯ unhandledRejection: TypeError: Failed to fetch
    at request (src/lib/api.ts:27:21)
    at Object.get (src/lib/api.ts:53:29)
    at listExperiments (src/lib/api.ts:257:7)
    at ExperimentsTab.useCallback[refresh] (src/app/projects/[id]/tabs/experiments.tsx:47:35)
  25 |
  26 | async function request<T>(path: string, init?: RequestInit): Promise<T> {
> 27 |   const res = await fetch(`${API_BASE_URL}${path}`, {
     |                     ^
  28 |     headers: { "Content-Type": "application/json", ...(init?.headers ?? {}) },
  29 |     cache: "no-store",
  30 |     ...init,
[browser] ⨯ unhandledRejection: TypeError: Failed to fetch
    at request (src/lib/api.ts:27:21)
    at Object.get (src/lib/api.ts:53:29)
    at listExperiments (src/lib/api.ts:257:7)
    at ExperimentsTab.useCallback[refresh] (src/app/projects/[id]/tabs/experiments.tsx:47:35)
  25 |
  26 | async function request<T>(path: string, init?: RequestInit): Promise<T> {
> 27 |   const res = await fetch(`${API_BASE_URL}${path}`, {
     |                     ^
  28 |     headers: { "Content-Type": "application/json", ...(init?.headers ?? {}) },
  29 |     cache: "no-store",
  30 |     ...init,
[browser] ⨯ unhandledRejection: TypeError: Failed to fetch
    at request (src/lib/api.ts:27:21)
    at Object.get (src/lib/api.ts:53:29)
    at listExperiments (src/lib/api.ts:257:7)
    at ExperimentsTab.useCallback[refresh] (src/app/projects/[id]/tabs/experiments.tsx:47:35)
  25 |
  26 | async function request<T>(path: string, init?: RequestInit): Promise<T> {
> 27 |   const res = await fetch(`${API_BASE_URL}${path}`, {
     |                     ^
  28 |     headers: { "Content-Type": "application/json", ...(init?.headers ?? {}) },
  29 |     cache: "no-store",
  30 |     ...init,
[browser] ⨯ unhandledRejection: TypeError: Failed to fetch
    at request (src/lib/api.ts:27:21)
    at Object.get (src/lib/api.ts:53:29)
    at listExperiments (src/lib/api.ts:257:7)
    at ExperimentsTab.useCallback[refresh] (src/app/projects/[id]/tabs/experiments.tsx:47:35)
  25 |
  26 | async function request<T>(path: string, init?: RequestInit): Promise<T> {
> 27 |   const res = await fetch(`${API_BASE_URL}${path}`, {
     |                     ^
  28 |     headers: { "Content-Type": "application/json", ...(init?.headers ?? {}) },
  29 |     cache: "no-store",
  30 |     ...init,
[browser] ⨯ unhandledRejection: TypeError: Failed to fetch
    at request (src/lib/api.ts:27:21)
    at Object.get (src/lib/api.ts:53:29)
    at listExperiments (src/lib/api.ts:257:7)
    at ExperimentsTab.useCallback[refresh] (src/app/projects/[id]/tabs/experiments.tsx:47:35)
  25 |
  26 | async function request<T>(path: string, init?: RequestInit): Promise<T> {
> 27 |   const res = await fetch(`${API_BASE_URL}${path}`, {
     |                     ^
  28 |     headers: { "Content-Type": "application/json", ...(init?.headers ?? {}) },
  29 |     cache: "no-store",
  30 |     ...init,
[browser] ⨯ unhandledRejection: TypeError: Failed to fetch
    at request (src/lib/api.ts:27:21)
    at Object.get (src/lib/api.ts:53:29)
    at listExperiments (src/lib/api.ts:257:7)
    at ExperimentsTab.useCallback[refresh] (src/app/projects/[id]/tabs/experiments.tsx:47:35)
  25 |
  26 | async function request<T>(path: string, init?: RequestInit): Promise<T> {
> 27 |   const res = await fetch(`${API_BASE_URL}${path}`, {
     |                     ^
  28 |     headers: { "Content-Type": "application/json", ...(init?.headers ?? {}) },
  29 |     cache: "no-store",
  30 |     ...init,
[browser] ⨯ unhandledRejection: TypeError: Failed to fetch
    at request (src/lib/api.ts:27:21)
    at Object.get (src/lib/api.ts:53:29)
    at listExperiments (src/lib/api.ts:257:7)
    at ExperimentsTab.useCallback[refresh] (src/app/projects/[id]/tabs/experiments.tsx:47:35)
  25 |
  26 | async function request<T>(path: string, init?: RequestInit): Promise<T> {
> 27 |   const res = await fetch(`${API_BASE_URL}${path}`, {
     |                     ^
  28 |     headers: { "Content-Type": "application/json", ...(init?.headers ?? {}) },
  29 |     cache: "no-store",
  30 |     ...init,
[browser] ⨯ unhandledRejection: TypeError: Failed to fetch
    at request (src/lib/api.ts:27:21)
    at Object.get (src/lib/api.ts:53:29)
    at listExperiments (src/lib/api.ts:257:7)
    at ExperimentsTab.useCallback[refresh] (src/app/projects/[id]/tabs/experiments.tsx:47:35)
  25 |
  26 | async function request<T>(path: string, init?: RequestInit): Promise<T> {
> 27 |   const res = await fetch(`${API_BASE_URL}${path}`, {
     |                     ^
  28 |     headers: { "Content-Type": "application/json", ...(init?.headers ?? {}) },
  29 |     cache: "no-store",
  30 |     ...init,
[browser] ⨯ unhandledRejection: TypeError: Failed to fetch
    at request (src/lib/api.ts:27:21)
    at Object.get (src/lib/api.ts:53:29)
    at listExperiments (src/lib/api.ts:257:7)
    at ExperimentsTab.useCallback[refresh] (src/app/projects/[id]/tabs/experiments.tsx:47:35)
  25 |
  26 | async function request<T>(path: string, init?: RequestInit): Promise<T> {
> 27 |   const res = await fetch(`${API_BASE_URL}${path}`, {
     |                     ^
  28 |     headers: { "Content-Type": "application/json", ...(init?.headers ?? {}) },
  29 |     cache: "no-store",
  30 |     ...init,
[browser] ⨯ unhandledRejection: TypeError: Failed to fetch
    at request (src/lib/api.ts:27:21)
    at Object.get (src/lib/api.ts:53:29)
    at listExperiments (src/lib/api.ts:257:7)
    at ExperimentsTab.useCallback[refresh] (src/app/projects/[id]/tabs/experiments.tsx:47:35)
  25 |
  26 | async function request<T>(path: string, init?: RequestInit): Promise<T> {
> 27 |   const res = await fetch(`${API_BASE_URL}${path}`, {
     |                     ^
  28 |     headers: { "Content-Type": "application/json", ...(init?.headers ?? {}) },
  29 |     cache: "no-store",
  30 |     ...init,
[browser] ⨯ unhandledRejection: TypeError: Failed to fetch
    at request (src/lib/api.ts:27:21)
    at Object.get (src/lib/api.ts:53:29)
    at listExperiments (src/lib/api.ts:257:7)
    at ExperimentsTab.useCallback[refresh] (src/app/projects/[id]/tabs/experiments.tsx:47:35)
  25 |
  26 | async function request<T>(path: string, init?: RequestInit): Promise<T> {
> 27 |   const res = await fetch(`${API_BASE_URL}${path}`, {
     |                     ^
  28 |     headers: { "Content-Type": "application/json", ...(init?.headers ?? {}) },
  29 |     cache: "no-store",
  30 |     ...init,
[browser] ⨯ unhandledRejection: TypeError: Failed to fetch
    at request (src/lib/api.ts:27:21)
    at Object.get (src/lib/api.ts:53:29)
    at listExperiments (src/lib/api.ts:257:7)
    at ExperimentsTab.useCallback[refresh] (src/app/projects/[id]/tabs/experiments.tsx:47:35)
  25 |
  26 | async function request<T>(path: string, init?: RequestInit): Promise<T> {
> 27 |   const res = await fetch(`${API_BASE_URL}${path}`, {
     |                     ^
  28 |     headers: { "Content-Type": "application/json", ...(init?.headers ?? {}) },
  29 |     cache: "no-store",
  30 |     ...init,
[browser] ⨯ unhandledRejection: TypeError: Failed to fetch
    at request (src/lib/api.ts:27:21)
    at Object.get (src/lib/api.ts:53:29)
    at listExperiments (src/lib/api.ts:257:7)
    at ExperimentsTab.useCallback[refresh] (src/app/projects/[id]/tabs/experiments.tsx:47:35)
  25 |
  26 | async function request<T>(path: string, init?: RequestInit): Promise<T> {
> 27 |   const res = await fetch(`${API_BASE_URL}${path}`, {
     |                     ^
  28 |     headers: { "Content-Type": "application/json", ...(init?.headers ?? {}) },
  29 |     cache: "no-store",
  30 |     ...init,
[browser] ⨯ unhandledRejection: TypeError: Failed to fetch
    at request (src/lib/api.ts:27:21)
    at Object.get (src/lib/api.ts:53:29)
    at listExperiments (src/lib/api.ts:257:7)
    at ExperimentsTab.useCallback[refresh] (src/app/projects/[id]/tabs/experiments.tsx:47:35)
  25 |
  26 | async function request<T>(path: string, init?: RequestInit): Promise<T> {
> 27 |   const res = await fetch(`${API_BASE_URL}${path}`, {
     |                     ^
  28 |     headers: { "Content-Type": "application/json", ...(init?.headers ?? {}) },
  29 |     cache: "no-store",
  30 |     ...init,
[browser] ⨯ unhandledRejection: TypeError: Failed to fetch
    at request (src/lib/api.ts:27:21)
    at Object.get (src/lib/api.ts:53:29)
    at listExperiments (src/lib/api.ts:257:7)
    at ExperimentsTab.useCallback[refresh] (src/app/projects/[id]/tabs/experiments.tsx:47:35)
  25 |
  26 | async function request<T>(path: string, init?: RequestInit): Promise<T> {
> 27 |   const res = await fetch(`${API_BASE_URL}${path}`, {
     |                     ^
  28 |     headers: { "Content-Type": "application/json", ...(init?.headers ?? {}) },
  29 |     cache: "no-store",
  30 |     ...init,
[browser] ⨯ unhandledRejection: TypeError: Failed to fetch
    at request (src/lib/api.ts:27:21)
    at Object.get (src/lib/api.ts:53:29)
    at listExperiments (src/lib/api.ts:257:7)
    at ExperimentsTab.useCallback[refresh] (src/app/projects/[id]/tabs/experiments.tsx:47:35)
  25 |
  26 | async function request<T>(path: string, init?: RequestInit): Promise<T> {
> 27 |   const res = await fetch(`${API_BASE_URL}${path}`, {
     |                     ^
  28 |     headers: { "Content-Type": "application/json", ...(init?.headers ?? {}) },
  29 |     cache: "no-store",
  30 |     ...init,
[browser] ⨯ unhandledRejection: TypeError: Failed to fetch
    at request (src/lib/api.ts:27:21)
    at Object.get (src/lib/api.ts:53:29)
    at listExperiments (src/lib/api.ts:257:7)
    at ExperimentsTab.useCallback[refresh] (src/app/projects/[id]/tabs/experiments.tsx:47:35)
  25 |
  26 | async function request<T>(path: string, init?: RequestInit): Promise<T> {
> 27 |   const res = await fetch(`${API_BASE_URL}${path}`, {
     |                     ^
  28 |     headers: { "Content-Type": "application/json", ...(init?.headers ?? {}) },
  29 |     cache: "no-store",
  30 |     ...init,
[browser] ⨯ unhandledRejection: TypeError: Failed to fetch
    at request (src/lib/api.ts:27:21)
    at Object.get (src/lib/api.ts:53:29)
    at listExperiments (src/lib/api.ts:257:7)
    at ExperimentsTab.useCallback[refresh] (src/app/projects/[id]/tabs/experiments.tsx:47:35)
  25 |
  26 | async function request<T>(path: string, init?: RequestInit): Promise<T> {
> 27 |   const res = await fetch(`${API_BASE_URL}${path}`, {
     |                     ^
  28 |     headers: { "Content-Type": "application/json", ...(init?.headers ?? {}) },
  29 |     cache: "no-store",
  30 |     ...init,
[browser] ⨯ unhandledRejection: TypeError: Failed to fetch
    at request (src/lib/api.ts:27:21)
    at Object.get (src/lib/api.ts:53:29)
    at listExperiments (src/lib/api.ts:257:7)
    at ExperimentsTab.useCallback[refresh] (src/app/projects/[id]/tabs/experiments.tsx:47:35)
  25 |
  26 | async function request<T>(path: string, init?: RequestInit): Promise<T> {
> 27 |   const res = await fetch(`${API_BASE_URL}${path}`, {
     |                     ^
  28 |     headers: { "Content-Type": "application/json", ...(init?.headers ?? {}) },
  29 |     cache: "no-store",
  30 |     ...init,
[browser] ⨯ unhandledRejection: TypeError: Failed to fetch
    at request (src/lib/api.ts:27:21)
    at Object.get (src/lib/api.ts:53:29)
    at listExperiments (src/lib/api.ts:257:7)
    at ExperimentsTab.useCallback[refresh] (src/app/projects/[id]/tabs/experiments.tsx:47:35)
  25 |
  26 | async function request<T>(path: string, init?: RequestInit): Promise<T> {
> 27 |   const res = await fetch(`${API_BASE_URL}${path}`, {
     |                     ^
  28 |     headers: { "Content-Type": "application/json", ...(init?.headers ?? {}) },
  29 |     cache: "no-store",
  30 |     ...init,
[browser] ⨯ unhandledRejection: TypeError: Failed to fetch
    at request (src/lib/api.ts:27:21)
    at Object.get (src/lib/api.ts:53:29)
    at listExperiments (src/lib/api.ts:257:7)
    at ExperimentsTab.useCallback[refresh] (src/app/projects/[id]/tabs/experiments.tsx:47:35)
  25 |
  26 | async function request<T>(path: string, init?: RequestInit): Promise<T> {
> 27 |   const res = await fetch(`${API_BASE_URL}${path}`, {
     |                     ^
  28 |     headers: { "Content-Type": "application/json", ...(init?.headers ?? {}) },
  29 |     cache: "no-store",
  30 |     ...init,
[browser] ⨯ unhandledRejection: TypeError: Failed to fetch
    at request (src/lib/api.ts:27:21)
    at Object.get (src/lib/api.ts:53:29)
    at listExperiments (src/lib/api.ts:257:7)
    at ExperimentsTab.useCallback[refresh] (src/app/projects/[id]/tabs/experiments.tsx:47:35)
  25 |
  26 | async function request<T>(path: string, init?: RequestInit): Promise<T> {
> 27 |   const res = await fetch(`${API_BASE_URL}${path}`, {
     |                     ^
  28 |     headers: { "Content-Type": "application/json", ...(init?.headers ?? {}) },
  29 |     cache: "no-store",
  30 |     ...init,
[browser] ⨯ unhandledRejection: TypeError: Failed to fetch
    at request (src/lib/api.ts:27:21)
    at Object.get (src/lib/api.ts:53:29)
    at listExperiments (src/lib/api.ts:257:7)
    at ExperimentsTab.useCallback[refresh] (src/app/projects/[id]/tabs/experiments.tsx:47:35)
  25 |
  26 | async function request<T>(path: string, init?: RequestInit): Promise<T> {
> 27 |   const res = await fetch(`${API_BASE_URL}${path}`, {
     |                     ^
  28 |     headers: { "Content-Type": "application/json", ...(init?.headers ?? {}) },
  29 |     cache: "no-store",
  30 |     ...init,
[browser] ⨯ unhandledRejection: TypeError: Failed to fetch
    at request (src/lib/api.ts:27:21)
    at Object.get (src/lib/api.ts:53:29)
    at listExperiments (src/lib/api.ts:257:7)
    at ExperimentsTab.useCallback[refresh] (src/app/projects/[id]/tabs/experiments.tsx:47:35)
  25 |
  26 | async function request<T>(path: string, init?: RequestInit): Promise<T> {
> 27 |   const res = await fetch(`${API_BASE_URL}${path}`, {
     |                     ^
  28 |     headers: { "Content-Type": "application/json", ...(init?.headers ?? {}) },
  29 |     cache: "no-store",
  30 |     ...init,
[browser] ⨯ unhandledRejection: TypeError: Failed to fetch
    at request (src/lib/api.ts:27:21)
    at Object.get (src/lib/api.ts:53:29)
    at listExperiments (src/lib/api.ts:257:7)
    at ExperimentsTab.useCallback[refresh] (src/app/projects/[id]/tabs/experiments.tsx:47:35)
  25 |
  26 | async function request<T>(path: string, init?: RequestInit): Promise<T> {
> 27 |   const res = await fetch(`${API_BASE_URL}${path}`, {
     |                     ^
  28 |     headers: { "Content-Type": "application/json", ...(init?.headers ?? {}) },
  29 |     cache: "no-store",
  30 |     ...init,
[browser] ⨯ unhandledRejection: TypeError: Failed to fetch
    at request (src/lib/api.ts:27:21)
    at Object.get (src/lib/api.ts:53:29)
    at listExperiments (src/lib/api.ts:257:7)
    at ExperimentsTab.useCallback[refresh] (src/app/projects/[id]/tabs/experiments.tsx:47:35)
  25 |
  26 | async function request<T>(path: string, init?: RequestInit): Promise<T> {
> 27 |   const res = await fetch(`${API_BASE_URL}${path}`, {
     |                     ^
  28 |     headers: { "Content-Type": "application/json", ...(init?.headers ?? {}) },
  29 |     cache: "no-store",
  30 |     ...init,
[browser] ⨯ unhandledRejection: TypeError: Failed to fetch
    at request (src/lib/api.ts:27:21)
    at Object.get (src/lib/api.ts:53:29)
    at listExperiments (src/lib/api.ts:257:7)
    at ExperimentsTab.useCallback[refresh] (src/app/projects/[id]/tabs/experiments.tsx:47:35)
  25 |
  26 | async function request<T>(path: string, init?: RequestInit): Promise<T> {
> 27 |   const res = await fetch(`${API_BASE_URL}${path}`, {
     |                     ^
  28 |     headers: { "Content-Type": "application/json", ...(init?.headers ?? {}) },
  29 |     cache: "no-store",
  30 |     ...init,
[browser] ⨯ unhandledRejection: TypeError: Failed to fetch
    at request (src/lib/api.ts:27:21)
    at Object.get (src/lib/api.ts:53:29)
    at listExperiments (src/lib/api.ts:257:7)
    at ExperimentsTab.useCallback[refresh] (src/app/projects/[id]/tabs/experiments.tsx:47:35)
  25 |
  26 | async function request<T>(path: string, init?: RequestInit): Promise<T> {
> 27 |   const res = await fetch(`${API_BASE_URL}${path}`, {
     |                     ^
  28 |     headers: { "Content-Type": "application/json", ...(init?.headers ?? {}) },
  29 |     cache: "no-store",
  30 |     ...init,
[browser] ⨯ unhandledRejection: TypeError: Failed to fetch
    at request (src/lib/api.ts:27:21)
    at Object.get (src/lib/api.ts:53:29)
    at listExperiments (src/lib/api.ts:257:7)
    at ExperimentsTab.useCallback[refresh] (src/app/projects/[id]/tabs/experiments.tsx:47:35)
  25 |
  26 | async function request<T>(path: string, init?: RequestInit): Promise<T> {
> 27 |   const res = await fetch(`${API_BASE_URL}${path}`, {
     |                     ^
  28 |     headers: { "Content-Type": "application/json", ...(init?.headers ?? {}) },
  29 |     cache: "no-store",
  30 |     ...init,
[browser] ⨯ unhandledRejection: TypeError: Failed to fetch
    at request (src/lib/api.ts:27:21)
    at Object.get (src/lib/api.ts:53:29)
    at listExperiments (src/lib/api.ts:257:7)
    at ExperimentsTab.useCallback[refresh] (src/app/projects/[id]/tabs/experiments.tsx:47:35)
  25 |
  26 | async function request<T>(path: string, init?: RequestInit): Promise<T> {
> 27 |   const res = await fetch(`${API_BASE_URL}${path}`, {
     |                     ^
  28 |     headers: { "Content-Type": "application/json", ...(init?.headers ?? {}) },
  29 |     cache: "no-store",
  30 |     ...init,
[browser] ⨯ unhandledRejection: TypeError: Failed to fetch
    at request (src/lib/api.ts:27:21)
    at Object.get (src/lib/api.ts:53:29)
    at listExperiments (src/lib/api.ts:257:7)
    at ExperimentsTab.useCallback[refresh] (src/app/projects/[id]/tabs/experiments.tsx:47:35)
  25 |
  26 | async function request<T>(path: string, init?: RequestInit): Promise<T> {
> 27 |   const res = await fetch(`${API_BASE_URL}${path}`, {
     |                     ^
  28 |     headers: { "Content-Type": "application/json", ...(init?.headers ?? {}) },
  29 |     cache: "no-store",
  30 |     ...init,
[browser] ⨯ unhandledRejection: TypeError: Failed to fetch
    at request (src/lib/api.ts:27:21)
    at Object.get (src/lib/api.ts:53:29)
    at listExperiments (src/lib/api.ts:257:7)
    at ExperimentsTab.useCallback[refresh] (src/app/projects/[id]/tabs/experiments.tsx:47:35)
  25 |
  26 | async function request<T>(path: string, init?: RequestInit): Promise<T> {
> 27 |   const res = await fetch(`${API_BASE_URL}${path}`, {
     |                     ^
  28 |     headers: { "Content-Type": "application/json", ...(init?.headers ?? {}) },
  29 |     cache: "no-store",
  30 |     ...init,
[browser] ⨯ unhandledRejection: TypeError: Failed to fetch
    at request (src/lib/api.ts:27:21)
    at Object.get (src/lib/api.ts:53:29)
    at listExperiments (src/lib/api.ts:257:7)
    at ExperimentsTab.useCallback[refresh] (src/app/projects/[id]/tabs/experiments.tsx:47:35)
  25 |
  26 | async function request<T>(path: string, init?: RequestInit): Promise<T> {
> 27 |   const res = await fetch(`${API_BASE_URL}${path}`, {
     |                     ^
  28 |     headers: { "Content-Type": "application/json", ...(init?.headers ?? {}) },
  29 |     cache: "no-store",
  30 |     ...init,
[browser] ⨯ unhandledRejection: TypeError: Failed to fetch
    at request (src/lib/api.ts:27:21)
    at Object.get (src/lib/api.ts:53:29)
    at listExperiments (src/lib/api.ts:257:7)
    at ExperimentsTab.useCallback[refresh] (src/app/projects/[id]/tabs/experiments.tsx:47:35)
  25 |
  26 | async function request<T>(path: string, init?: RequestInit): Promise<T> {
> 27 |   const res = await fetch(`${API_BASE_URL}${path}`, {
     |                     ^
  28 |     headers: { "Content-Type": "application/json", ...(init?.headers ?? {}) },
  29 |     cache: "no-store",
  30 |     ...init,
[browser] ⨯ unhandledRejection: TypeError: Failed to fetch
    at request (src/lib/api.ts:27:21)
    at Object.get (src/lib/api.ts:53:29)
    at listExperiments (src/lib/api.ts:257:7)
    at ExperimentsTab.useCallback[refresh] (src/app/projects/[id]/tabs/experiments.tsx:47:35)
  25 |
  26 | async function request<T>(path: string, init?: RequestInit): Promise<T> {
> 27 |   const res = await fetch(`${API_BASE_URL}${path}`, {
     |                     ^
  28 |     headers: { "Content-Type": "application/json", ...(init?.headers ?? {}) },
  29 |     cache: "no-store",
  30 |     ...init,
[browser] ⨯ unhandledRejection: TypeError: Failed to fetch
    at request (src/lib/api.ts:27:21)
    at Object.get (src/lib/api.ts:53:29)
    at listExperiments (src/lib/api.ts:257:7)
    at ExperimentsTab.useCallback[refresh] (src/app/projects/[id]/tabs/experiments.tsx:47:35)
  25 |
  26 | async function request<T>(path: string, init?: RequestInit): Promise<T> {
> 27 |   const res = await fetch(`${API_BASE_URL}${path}`, {
     |                     ^
  28 |     headers: { "Content-Type": "application/json", ...(init?.headers ?? {}) },
  29 |     cache: "no-store",
  30 |     ...init,
[browser] ⨯ unhandledRejection: TypeError: Failed to fetch
    at request (src/lib/api.ts:27:21)
    at Object.get (src/lib/api.ts:53:29)
    at listExperiments (src/lib/api.ts:257:7)
    at ExperimentsTab.useCallback[refresh] (src/app/projects/[id]/tabs/experiments.tsx:47:35)
  25 |
  26 | async function request<T>(path: string, init?: RequestInit): Promise<T> {
> 27 |   const res = await fetch(`${API_BASE_URL}${path}`, {
     |                     ^
  28 |     headers: { "Content-Type": "application/json", ...(init?.headers ?? {}) },
  29 |     cache: "no-store",
  30 |     ...init,
[browser] ⨯ unhandledRejection: TypeError: Failed to fetch
    at request (src/lib/api.ts:27:21)
    at Object.get (src/lib/api.ts:53:29)
    at listExperiments (src/lib/api.ts:257:7)
    at ExperimentsTab.useCallback[refresh] (src/app/projects/[id]/tabs/experiments.tsx:47:35)
  25 |
  26 | async function request<T>(path: string, init?: RequestInit): Promise<T> {
> 27 |   const res = await fetch(`${API_BASE_URL}${path}`, {
     |                     ^
  28 |     headers: { "Content-Type": "application/json", ...(init?.headers ?? {}) },
  29 |     cache: "no-store",
  30 |     ...init,
[browser] ⨯ unhandledRejection: TypeError: Failed to fetch
    at request (src/lib/api.ts:27:21)
    at Object.get (src/lib/api.ts:53:29)
    at listExperiments (src/lib/api.ts:257:7)
    at ExperimentsTab.useCallback[refresh] (src/app/projects/[id]/tabs/experiments.tsx:47:35)
  25 |
  26 | async function request<T>(path: string, init?: RequestInit): Promise<T> {
> 27 |   const res = await fetch(`${API_BASE_URL}${path}`, {
     |                     ^
  28 |     headers: { "Content-Type": "application/json", ...(init?.headers ?? {}) },
  29 |     cache: "no-store",
  30 |     ...init,
[browser] ⨯ unhandledRejection: TypeError: Failed to fetch
    at request (src/lib/api.ts:27:21)
    at Object.get (src/lib/api.ts:53:29)
    at listExperiments (src/lib/api.ts:257:7)
    at ExperimentsTab.useCallback[refresh] (src/app/projects/[id]/tabs/experiments.tsx:47:35)
  25 |
  26 | async function request<T>(path: string, init?: RequestInit): Promise<T> {
> 27 |   const res = await fetch(`${API_BASE_URL}${path}`, {
     |                     ^
  28 |     headers: { "Content-Type": "application/json", ...(init?.headers ?? {}) },
  29 |     cache: "no-store",
  30 |     ...init,
[browser] ⨯ unhandledRejection: TypeError: Failed to fetch
    at request (src/lib/api.ts:27:21)
    at Object.get (src/lib/api.ts:53:29)
    at listExperiments (src/lib/api.ts:257:7)
    at ExperimentsTab.useCallback[refresh] (src/app/projects/[id]/tabs/experiments.tsx:47:35)
  25 |
  26 | async function request<T>(path: string, init?: RequestInit): Promise<T> {
> 27 |   const res = await fetch(`${API_BASE_URL}${path}`, {
     |                     ^
  28 |     headers: { "Content-Type": "application/json", ...(init?.headers ?? {}) },
  29 |     cache: "no-store",
  30 |     ...init,
[browser] ⨯ unhandledRejection: TypeError: Failed to fetch
    at request (src/lib/api.ts:27:21)
    at Object.get (src/lib/api.ts:53:29)
    at listExperiments (src/lib/api.ts:257:7)
    at ExperimentsTab.useCallback[refresh] (src/app/projects/[id]/tabs/experiments.tsx:47:35)
  25 |
  26 | async function request<T>(path: string, init?: RequestInit): Promise<T> {
> 27 |   const res = await fetch(`${API_BASE_URL}${path}`, {
     |                     ^
  28 |     headers: { "Content-Type": "application/json", ...(init?.headers ?? {}) },
  29 |     cache: "no-store",
  30 |     ...init,
[browser] ⨯ unhandledRejection: TypeError: Failed to fetch
    at request (src/lib/api.ts:27:21)
    at Object.get (src/lib/api.ts:53:29)
    at listExperiments (src/lib/api.ts:257:7)
    at ExperimentsTab.useCallback[refresh] (src/app/projects/[id]/tabs/experiments.tsx:47:35)
  25 |
  26 | async function request<T>(path: string, init?: RequestInit): Promise<T> {
> 27 |   const res = await fetch(`${API_BASE_URL}${path}`, {
     |                     ^
  28 |     headers: { "Content-Type": "application/json", ...(init?.headers ?? {}) },
  29 |     cache: "no-store",
  30 |     ...init,
[browser] ⨯ unhandledRejection: TypeError: Failed to fetch
    at request (src/lib/api.ts:27:21)
    at Object.get (src/lib/api.ts:53:29)
    at listExperiments (src/lib/api.ts:257:7)
    at ExperimentsTab.useCallback[refresh] (src/app/projects/[id]/tabs/experiments.tsx:47:35)
  25 |
  26 | async function request<T>(path: string, init?: RequestInit): Promise<T> {
> 27 |   const res = await fetch(`${API_BASE_URL}${path}`, {
     |                     ^
  28 |     headers: { "Content-Type": "application/json", ...(init?.headers ?? {}) },
  29 |     cache: "no-store",
  30 |     ...init,
[browser] ⨯ unhandledRejection: TypeError: Failed to fetch
    at request (src/lib/api.ts:27:21)
    at Object.get (src/lib/api.ts:53:29)
    at listExperiments (src/lib/api.ts:257:7)
    at ExperimentsTab.useCallback[refresh] (src/app/projects/[id]/tabs/experiments.tsx:47:35)
  25 |
  26 | async function request<T>(path: string, init?: RequestInit): Promise<T> {
> 27 |   const res = await fetch(`${API_BASE_URL}${path}`, {
     |                     ^
  28 |     headers: { "Content-Type": "application/json", ...(init?.headers ?? {}) },
  29 |     cache: "no-store",
  30 |     ...init,
[browser] ⨯ unhandledRejection: TypeError: Failed to fetch
    at request (src/lib/api.ts:27:21)
    at Object.get (src/lib/api.ts:53:29)
    at listExperiments (src/lib/api.ts:257:7)
    at ExperimentsTab.useCallback[refresh] (src/app/projects/[id]/tabs/experiments.tsx:47:35)
  25 |
  26 | async function request<T>(path: string, init?: RequestInit): Promise<T> {
> 27 |   const res = await fetch(`${API_BASE_URL}${path}`, {
     |                     ^
  28 |     headers: { "Content-Type": "application/json", ...(init?.headers ?? {}) },
  29 |     cache: "no-store",
  30 |     ...init,
[browser] ⨯ unhandledRejection: TypeError: Failed to fetch
    at request (src/lib/api.ts:27:21)
    at Object.get (src/lib/api.ts:53:29)
    at listExperiments (src/lib/api.ts:257:7)
    at ExperimentsTab.useCallback[refresh] (src/app/projects/[id]/tabs/experiments.tsx:47:35)
  25 |
  26 | async function request<T>(path: string, init?: RequestInit): Promise<T> {
> 27 |   const res = await fetch(`${API_BASE_URL}${path}`, {
     |                     ^
  28 |     headers: { "Content-Type": "application/json", ...(init?.headers ?? {}) },
  29 |     cache: "no-store",
  30 |     ...init,
[browser] ⨯ unhandledRejection: TypeError: Failed to fetch
    at request (src/lib/api.ts:27:21)
    at Object.get (src/lib/api.ts:53:29)
    at listExperiments (src/lib/api.ts:257:7)
    at ExperimentsTab.useCallback[refresh] (src/app/projects/[id]/tabs/experiments.tsx:47:35)
  25 |
  26 | async function request<T>(path: string, init?: RequestInit): Promise<T> {
> 27 |   const res = await fetch(`${API_BASE_URL}${path}`, {
     |                     ^
  28 |     headers: { "Content-Type": "application/json", ...(init?.headers ?? {}) },
  29 |     cache: "no-store",
  30 |     ...init,
[browser] ⨯ unhandledRejection: TypeError: Failed to fetch
    at request (src/lib/api.ts:27:21)
    at Object.get (src/lib/api.ts:53:29)
    at listExperiments (src/lib/api.ts:257:7)
    at ExperimentsTab.useCallback[refresh] (src/app/projects/[id]/tabs/experiments.tsx:47:35)
  25 |
  26 | async function request<T>(path: string, init?: RequestInit): Promise<T> {
> 27 |   const res = await fetch(`${API_BASE_URL}${path}`, {
     |                     ^
  28 |     headers: { "Content-Type": "application/json", ...(init?.headers ?? {}) },
  29 |     cache: "no-store",
  30 |     ...init,
[browser] ⨯ unhandledRejection: TypeError: Failed to fetch
    at request (src/lib/api.ts:27:21)
    at Object.get (src/lib/api.ts:53:29)
    at listExperiments (src/lib/api.ts:257:7)
    at ExperimentsTab.useCallback[refresh] (src/app/projects/[id]/tabs/experiments.tsx:47:35)
  25 |
  26 | async function request<T>(path: string, init?: RequestInit): Promise<T> {
> 27 |   const res = await fetch(`${API_BASE_URL}${path}`, {
     |                     ^
  28 |     headers: { "Content-Type": "application/json", ...(init?.headers ?? {}) },
  29 |     cache: "no-store",
  30 |     ...init,
[browser] ⨯ unhandledRejection: TypeError: Failed to fetch
    at request (src/lib/api.ts:27:21)
    at Object.get (src/lib/api.ts:53:29)
    at listExperiments (src/lib/api.ts:257:7)
    at ExperimentsTab.useCallback[refresh] (src/app/projects/[id]/tabs/experiments.tsx:47:35)
  25 |
  26 | async function request<T>(path: string, init?: RequestInit): Promise<T> {
> 27 |   const res = await fetch(`${API_BASE_URL}${path}`, {
     |                     ^
  28 |     headers: { "Content-Type": "application/json", ...(init?.headers ?? {}) },
  29 |     cache: "no-store",
  30 |     ...init,
[browser] ⨯ unhandledRejection: TypeError: Failed to fetch
    at request (src/lib/api.ts:27:21)
    at Object.get (src/lib/api.ts:53:29)
    at listExperiments (src/lib/api.ts:257:7)
    at ExperimentsTab.useCallback[refresh] (src/app/projects/[id]/tabs/experiments.tsx:47:35)
  25 |
  26 | async function request<T>(path: string, init?: RequestInit): Promise<T> {
> 27 |   const res = await fetch(`${API_BASE_URL}${path}`, {
     |                     ^
  28 |     headers: { "Content-Type": "application/json", ...(init?.headers ?? {}) },
  29 |     cache: "no-store",
  30 |     ...init,
[browser] ⨯ unhandledRejection: TypeError: Failed to fetch
    at request (src/lib/api.ts:27:21)
    at Object.get (src/lib/api.ts:53:29)
    at listExperiments (src/lib/api.ts:257:7)
    at ExperimentsTab.useCallback[refresh] (src/app/projects/[id]/tabs/experiments.tsx:47:35)
  25 |
  26 | async function request<T>(path: string, init?: RequestInit): Promise<T> {
> 27 |   const res = await fetch(`${API_BASE_URL}${path}`, {
     |                     ^
  28 |     headers: { "Content-Type": "application/json", ...(init?.headers ?? {}) },
  29 |     cache: "no-store",
  30 |     ...init,
[browser] ⨯ unhandledRejection: TypeError: Failed to fetch
    at request (src/lib/api.ts:27:21)
    at Object.get (src/lib/api.ts:53:29)
    at listExperiments (src/lib/api.ts:257:7)
    at ExperimentsTab.useCallback[refresh] (src/app/projects/[id]/tabs/experiments.tsx:47:35)
  25 |
  26 | async function request<T>(path: string, init?: RequestInit): Promise<T> {
> 27 |   const res = await fetch(`${API_BASE_URL}${path}`, {
     |                     ^
  28 |     headers: { "Content-Type": "application/json", ...(init?.headers ?? {}) },
  29 |     cache: "no-store",
  30 |     ...init,
[browser] ⨯ unhandledRejection: TypeError: Failed to fetch
    at request (src/lib/api.ts:27:21)
    at Object.get (src/lib/api.ts:53:29)
    at listExperiments (src/lib/api.ts:257:7)
    at ExperimentsTab.useCallback[refresh] (src/app/projects/[id]/tabs/experiments.tsx:47:35)
  25 |
  26 | async function request<T>(path: string, init?: RequestInit): Promise<T> {
> 27 |   const res = await fetch(`${API_BASE_URL}${path}`, {
     |                     ^
  28 |     headers: { "Content-Type": "application/json", ...(init?.headers ?? {}) },
  29 |     cache: "no-store",
  30 |     ...init,
[browser] ⨯ unhandledRejection: TypeError: Failed to fetch
    at request (src/lib/api.ts:27:21)
    at Object.get (src/lib/api.ts:53:29)
    at listExperiments (src/lib/api.ts:257:7)
    at ExperimentsTab.useCallback[refresh] (src/app/projects/[id]/tabs/experiments.tsx:47:35)
  25 |
  26 | async function request<T>(path: string, init?: RequestInit): Promise<T> {
> 27 |   const res = await fetch(`${API_BASE_URL}${path}`, {
     |                     ^
  28 |     headers: { "Content-Type": "application/json", ...(init?.headers ?? {}) },
  29 |     cache: "no-store",
  30 |     ...init,
[browser] ⨯ unhandledRejection: TypeError: Failed to fetch
    at request (src/lib/api.ts:27:21)
    at Object.get (src/lib/api.ts:53:29)
    at listExperiments (src/lib/api.ts:257:7)
    at ExperimentsTab.useCallback[refresh] (src/app/projects/[id]/tabs/experiments.tsx:47:35)
  25 |
  26 | async function request<T>(path: string, init?: RequestInit): Promise<T> {
> 27 |   const res = await fetch(`${API_BASE_URL}${path}`, {
     |                     ^
  28 |     headers: { "Content-Type": "application/json", ...(init?.headers ?? {}) },
  29 |     cache: "no-store",
  30 |     ...init,
[browser] ⨯ unhandledRejection: TypeError: Failed to fetch
    at request (src/lib/api.ts:27:21)
    at Object.get (src/lib/api.ts:53:29)
    at listExperiments (src/lib/api.ts:257:7)
    at ExperimentsTab.useCallback[refresh] (src/app/projects/[id]/tabs/experiments.tsx:47:35)
  25 |
  26 | async function request<T>(path: string, init?: RequestInit): Promise<T> {
> 27 |   const res = await fetch(`${API_BASE_URL}${path}`, {
     |                     ^
  28 |     headers: { "Content-Type": "application/json", ...(init?.headers ?? {}) },
  29 |     cache: "no-store",
  30 |     ...init,
[browser] ⨯ unhandledRejection: TypeError: Failed to fetch
    at request (src/lib/api.ts:27:21)
    at Object.get (src/lib/api.ts:53:29)
    at listExperiments (src/lib/api.ts:257:7)
    at ExperimentsTab.useCallback[refresh] (src/app/projects/[id]/tabs/experiments.tsx:47:35)
  25 |
  26 | async function request<T>(path: string, init?: RequestInit): Promise<T> {
> 27 |   const res = await fetch(`${API_BASE_URL}${path}`, {
     |                     ^
  28 |     headers: { "Content-Type": "application/json", ...(init?.headers ?? {}) },
  29 |     cache: "no-store",
  30 |     ...init,
[browser] ⨯ unhandledRejection: TypeError: Failed to fetch
    at request (src/lib/api.ts:27:21)
    at Object.get (src/lib/api.ts:53:29)
    at listExperiments (src/lib/api.ts:257:7)
    at ExperimentsTab.useCallback[refresh] (src/app/projects/[id]/tabs/experiments.tsx:47:35)
  25 |
  26 | async function request<T>(path: string, init?: RequestInit): Promise<T> {
> 27 |   const res = await fetch(`${API_BASE_URL}${path}`, {
     |                     ^
  28 |     headers: { "Content-Type": "application/json", ...(init?.headers ?? {}) },
  29 |     cache: "no-store",
  30 |     ...init,
[browser] ⨯ unhandledRejection: TypeError: Failed to fetch
    at request (src/lib/api.ts:27:21)
    at Object.get (src/lib/api.ts:53:29)
    at listExperiments (src/lib/api.ts:257:7)
    at ExperimentsTab.useCallback[refresh] (src/app/projects/[id]/tabs/experiments.tsx:47:35)
  25 |
  26 | async function request<T>(path: string, init?: RequestInit): Promise<T> {
> 27 |   const res = await fetch(`${API_BASE_URL}${path}`, {
     |                     ^
  28 |     headers: { "Content-Type": "application/json", ...(init?.headers ?? {}) },
  29 |     cache: "no-store",
  30 |     ...init,
[browser] ⨯ unhandledRejection: TypeError: Failed to fetch
    at request (src/lib/api.ts:27:21)
    at Object.get (src/lib/api.ts:53:29)
    at listExperiments (src/lib/api.ts:257:7)
    at ExperimentsTab.useCallback[refresh] (src/app/projects/[id]/tabs/experiments.tsx:47:35)
  25 |
  26 | async function request<T>(path: string, init?: RequestInit): Promise<T> {
> 27 |   const res = await fetch(`${API_BASE_URL}${path}`, {
     |                     ^
  28 |     headers: { "Content-Type": "application/json", ...(init?.headers ?? {}) },
  29 |     cache: "no-store",
  30 |     ...init,
[browser] ⨯ unhandledRejection: TypeError: Failed to fetch
    at request (src/lib/api.ts:27:21)
    at Object.get (src/lib/api.ts:53:29)
    at listExperiments (src/lib/api.ts:257:7)
    at ExperimentsTab.useCallback[refresh] (src/app/projects/[id]/tabs/experiments.tsx:47:35)
  25 |
  26 | async function request<T>(path: string, init?: RequestInit): Promise<T> {
> 27 |   const res = await fetch(`${API_BASE_URL}${path}`, {
     |                     ^
  28 |     headers: { "Content-Type": "application/json", ...(init?.headers ?? {}) },
  29 |     cache: "no-store",
  30 |     ...init,
[browser] ⨯ unhandledRejection: TypeError: Failed to fetch
    at request (src/lib/api.ts:27:21)
    at Object.get (src/lib/api.ts:53:29)
    at listExperiments (src/lib/api.ts:257:7)
    at ExperimentsTab.useCallback[refresh] (src/app/projects/[id]/tabs/experiments.tsx:47:35)
  25 |
  26 | async function request<T>(path: string, init?: RequestInit): Promise<T> {
> 27 |   const res = await fetch(`${API_BASE_URL}${path}`, {
     |                     ^
  28 |     headers: { "Content-Type": "application/json", ...(init?.headers ?? {}) },
  29 |     cache: "no-store",
  30 |     ...init,
[browser] ⨯ unhandledRejection: TypeError: Failed to fetch
    at request (src/lib/api.ts:27:21)
    at Object.get (src/lib/api.ts:53:29)
    at listExperiments (src/lib/api.ts:257:7)
    at ExperimentsTab.useCallback[refresh] (src/app/projects/[id]/tabs/experiments.tsx:47:35)
  25 |
  26 | async function request<T>(path: string, init?: RequestInit): Promise<T> {
> 27 |   const res = await fetch(`${API_BASE_URL}${path}`, {
     |                     ^
  28 |     headers: { "Content-Type": "application/json", ...(init?.headers ?? {}) },
  29 |     cache: "no-store",
  30 |     ...init,
[browser] ⨯ unhandledRejection: TypeError: Failed to fetch
    at request (src/lib/api.ts:27:21)
    at Object.get (src/lib/api.ts:53:29)
    at listExperiments (src/lib/api.ts:257:7)
    at ExperimentsTab.useCallback[refresh] (src/app/projects/[id]/tabs/experiments.tsx:47:35)
  25 |
  26 | async function request<T>(path: string, init?: RequestInit): Promise<T> {
> 27 |   const res = await fetch(`${API_BASE_URL}${path}`, {
     |                     ^
  28 |     headers: { "Content-Type": "application/json", ...(init?.headers ?? {}) },
  29 |     cache: "no-store",
  30 |     ...init,
[browser] ⨯ unhandledRejection: TypeError: Failed to fetch
    at request (src/lib/api.ts:27:21)
    at Object.get (src/lib/api.ts:53:29)
    at listExperiments (src/lib/api.ts:257:7)
    at ExperimentsTab.useCallback[refresh] (src/app/projects/[id]/tabs/experiments.tsx:47:35)
  25 |
  26 | async function request<T>(path: string, init?: RequestInit): Promise<T> {
> 27 |   const res = await fetch(`${API_BASE_URL}${path}`, {
     |                     ^
  28 |     headers: { "Content-Type": "application/json", ...(init?.headers ?? {}) },
  29 |     cache: "no-store",
  30 |     ...init,
[browser] ⨯ unhandledRejection: TypeError: Failed to fetch
    at request (src/lib/api.ts:27:21)
    at Object.get (src/lib/api.ts:53:29)
    at listExperiments (src/lib/api.ts:257:7)
    at ExperimentsTab.useCallback[refresh] (src/app/projects/[id]/tabs/experiments.tsx:47:35)
  25 |
  26 | async function request<T>(path: string, init?: RequestInit): Promise<T> {
> 27 |   const res = await fetch(`${API_BASE_URL}${path}`, {
     |                     ^
  28 |     headers: { "Content-Type": "application/json", ...(init?.headers ?? {}) },
  29 |     cache: "no-store",
  30 |     ...init,
[browser] ⨯ unhandledRejection: TypeError: Failed to fetch
    at request (src/lib/api.ts:27:21)
    at Object.get (src/lib/api.ts:53:29)
    at listExperiments (src/lib/api.ts:257:7)
    at ExperimentsTab.useCallback[refresh] (src/app/projects/[id]/tabs/experiments.tsx:47:35)
  25 |
  26 | async function request<T>(path: string, init?: RequestInit): Promise<T> {
> 27 |   const res = await fetch(`${API_BASE_URL}${path}`, {
     |                     ^
  28 |     headers: { "Content-Type": "application/json", ...(init?.headers ?? {}) },
  29 |     cache: "no-store",
  30 |     ...init,
[browser] ⨯ unhandledRejection: TypeError: Failed to fetch
    at request (src/lib/api.ts:27:21)
    at Object.get (src/lib/api.ts:53:29)
    at listExperiments (src/lib/api.ts:257:7)
    at ExperimentsTab.useCallback[refresh] (src/app/projects/[id]/tabs/experiments.tsx:47:35)
  25 |
  26 | async function request<T>(path: string, init?: RequestInit): Promise<T> {
> 27 |   const res = await fetch(`${API_BASE_URL}${path}`, {
     |                     ^
  28 |     headers: { "Content-Type": "application/json", ...(init?.headers ?? {}) },
  29 |     cache: "no-store",
  30 |     ...init,
[browser] ⨯ unhandledRejection: TypeError: Failed to fetch
    at request (src/lib/api.ts:27:21)
    at Object.get (src/lib/api.ts:53:29)
    at listExperiments (src/lib/api.ts:257:7)
    at ExperimentsTab.useCallback[refresh] (src/app/projects/[id]/tabs/experiments.tsx:47:35)
  25 |
  26 | async function request<T>(path: string, init?: RequestInit): Promise<T> {
> 27 |   const res = await fetch(`${API_BASE_URL}${path}`, {
     |                     ^
  28 |     headers: { "Content-Type": "application/json", ...(init?.headers ?? {}) },
  29 |     cache: "no-store",
  30 |     ...init,
[browser] ⨯ unhandledRejection: TypeError: Failed to fetch
    at request (src/lib/api.ts:27:21)
    at Object.get (src/lib/api.ts:53:29)
    at listExperiments (src/lib/api.ts:257:7)
    at ExperimentsTab.useCallback[refresh] (src/app/projects/[id]/tabs/experiments.tsx:47:35)
  25 |
  26 | async function request<T>(path: string, init?: RequestInit): Promise<T> {
> 27 |   const res = await fetch(`${API_BASE_URL}${path}`, {
     |                     ^
  28 |     headers: { "Content-Type": "application/json", ...(init?.headers ?? {}) },
  29 |     cache: "no-store",
  30 |     ...init,
[browser] ⨯ unhandledRejection: TypeError: Failed to fetch
    at request (src/lib/api.ts:27:21)
    at Object.get (src/lib/api.ts:53:29)
    at listExperiments (src/lib/api.ts:257:7)
    at ExperimentsTab.useCallback[refresh] (src/app/projects/[id]/tabs/experiments.tsx:47:35)
  25 |
  26 | async function request<T>(path: string, init?: RequestInit): Promise<T> {
> 27 |   const res = await fetch(`${API_BASE_URL}${path}`, {
     |                     ^
  28 |     headers: { "Content-Type": "application/json", ...(init?.headers ?? {}) },
  29 |     cache: "no-store",
  30 |     ...init,
[browser] ⨯ unhandledRejection: TypeError: Failed to fetch
    at request (src/lib/api.ts:27:21)
    at Object.get (src/lib/api.ts:53:29)
    at listExperiments (src/lib/api.ts:257:7)
    at ExperimentsTab.useCallback[refresh] (src/app/projects/[id]/tabs/experiments.tsx:47:35)
  25 |
  26 | async function request<T>(path: string, init?: RequestInit): Promise<T> {
> 27 |   const res = await fetch(`${API_BASE_URL}${path}`, {
     |                     ^
  28 |     headers: { "Content-Type": "application/json", ...(init?.headers ?? {}) },
  29 |     cache: "no-store",
  30 |     ...init,
[browser] ⨯ unhandledRejection: TypeError: Failed to fetch
    at request (src/lib/api.ts:27:21)
    at Object.get (src/lib/api.ts:53:29)
    at listExperiments (src/lib/api.ts:257:7)
    at ExperimentsTab.useCallback[refresh] (src/app/projects/[id]/tabs/experiments.tsx:47:35)
  25 |
  26 | async function request<T>(path: string, init?: RequestInit): Promise<T> {
> 27 |   const res = await fetch(`${API_BASE_URL}${path}`, {
     |                     ^
  28 |     headers: { "Content-Type": "application/json", ...(init?.headers ?? {}) },
  29 |     cache: "no-store",
  30 |     ...init,
[browser] ⨯ unhandledRejection: TypeError: Failed to fetch
    at request (src/lib/api.ts:27:21)
    at Object.get (src/lib/api.ts:53:29)
    at listExperiments (src/lib/api.ts:257:7)
    at ExperimentsTab.useCallback[refresh] (src/app/projects/[id]/tabs/experiments.tsx:47:35)
  25 |
  26 | async function request<T>(path: string, init?: RequestInit): Promise<T> {
> 27 |   const res = await fetch(`${API_BASE_URL}${path}`, {
     |                     ^
  28 |     headers: { "Content-Type": "application/json", ...(init?.headers ?? {}) },
  29 |     cache: "no-store",
  30 |     ...init,
[browser] ⨯ unhandledRejection: TypeError: Failed to fetch
    at request (src/lib/api.ts:27:21)
    at Object.get (src/lib/api.ts:53:29)
    at listExperiments (src/lib/api.ts:257:7)
    at ExperimentsTab.useCallback[refresh] (src/app/projects/[id]/tabs/experiments.tsx:47:35)
  25 |
  26 | async function request<T>(path: string, init?: RequestInit): Promise<T> {
> 27 |   const res = await fetch(`${API_BASE_URL}${path}`, {
     |                     ^
  28 |     headers: { "Content-Type": "application/json", ...(init?.headers ?? {}) },
  29 |     cache: "no-store",
  30 |     ...init,
[browser] ⨯ unhandledRejection: TypeError: Failed to fetch
    at request (src/lib/api.ts:27:21)
    at Object.get (src/lib/api.ts:53:29)
    at listExperiments (src/lib/api.ts:257:7)
    at ExperimentsTab.useCallback[refresh] (src/app/projects/[id]/tabs/experiments.tsx:47:35)
  25 |
  26 | async function request<T>(path: string, init?: RequestInit): Promise<T> {
> 27 |   const res = await fetch(`${API_BASE_URL}${path}`, {
     |                     ^
  28 |     headers: { "Content-Type": "application/json", ...(init?.headers ?? {}) },
  29 |     cache: "no-store",
  30 |     ...init,
[browser] ⨯ unhandledRejection: TypeError: Failed to fetch
    at request (src/lib/api.ts:27:21)
    at Object.get (src/lib/api.ts:53:29)
    at listExperiments (src/lib/api.ts:257:7)
    at ExperimentsTab.useCallback[refresh] (src/app/projects/[id]/tabs/experiments.tsx:47:35)
  25 |
  26 | async function request<T>(path: string, init?: RequestInit): Promise<T> {
> 27 |   const res = await fetch(`${API_BASE_URL}${path}`, {
     |                     ^
  28 |     headers: { "Content-Type": "application/json", ...(init?.headers ?? {}) },
  29 |     cache: "no-store",
  30 |     ...init,
[browser] ⨯ unhandledRejection: TypeError: Failed to fetch
    at request (src/lib/api.ts:27:21)
    at Object.get (src/lib/api.ts:53:29)
    at listExperiments (src/lib/api.ts:257:7)
    at ExperimentsTab.useCallback[refresh] (src/app/projects/[id]/tabs/experiments.tsx:47:35)
  25 |
  26 | async function request<T>(path: string, init?: RequestInit): Promise<T> {
> 27 |   const res = await fetch(`${API_BASE_URL}${path}`, {
     |                     ^
  28 |     headers: { "Content-Type": "application/json", ...(init?.headers ?? {}) },
  29 |     cache: "no-store",
  30 |     ...init,
[browser] ⨯ unhandledRejection: TypeError: Failed to fetch
    at request (src/lib/api.ts:27:21)
    at Object.get (src/lib/api.ts:53:29)
    at listExperiments (src/lib/api.ts:257:7)
    at ExperimentsTab.useCallback[refresh] (src/app/projects/[id]/tabs/experiments.tsx:47:35)
  25 |
  26 | async function request<T>(path: string, init?: RequestInit): Promise<T> {
> 27 |   const res = await fetch(`${API_BASE_URL}${path}`, {
     |                     ^
  28 |     headers: { "Content-Type": "application/json", ...(init?.headers ?? {}) },
  29 |     cache: "no-store",
  30 |     ...init,
[browser] ⨯ unhandledRejection: TypeError: Failed to fetch
    at request (src/lib/api.ts:27:21)
    at Object.get (src/lib/api.ts:53:29)
    at listExperiments (src/lib/api.ts:257:7)
    at ExperimentsTab.useCallback[refresh] (src/app/projects/[id]/tabs/experiments.tsx:47:35)
  25 |
  26 | async function request<T>(path: string, init?: RequestInit): Promise<T> {
> 27 |   const res = await fetch(`${API_BASE_URL}${path}`, {
     |                     ^
  28 |     headers: { "Content-Type": "application/json", ...(init?.headers ?? {}) },
  29 |     cache: "no-store",
  30 |     ...init,
[browser] ⨯ unhandledRejection: TypeError: Failed to fetch
    at request (src/lib/api.ts:27:21)
    at Object.get (src/lib/api.ts:53:29)
    at listExperiments (src/lib/api.ts:257:7)
    at ExperimentsTab.useCallback[refresh] (src/app/projects/[id]/tabs/experiments.tsx:47:35)
  25 |
  26 | async function request<T>(path: string, init?: RequestInit): Promise<T> {
> 27 |   const res = await fetch(`${API_BASE_URL}${path}`, {
     |                     ^
  28 |     headers: { "Content-Type": "application/json", ...(init?.headers ?? {}) },
  29 |     cache: "no-store",
  30 |     ...init,
[browser] ⨯ unhandledRejection: TypeError: Failed to fetch
    at request (src/lib/api.ts:27:21)
    at Object.get (src/lib/api.ts:53:29)
    at listExperiments (src/lib/api.ts:257:7)
    at ExperimentsTab.useCallback[refresh] (src/app/projects/[id]/tabs/experiments.tsx:47:35)
  25 |
  26 | async function request<T>(path: string, init?: RequestInit): Promise<T> {
> 27 |   const res = await fetch(`${API_BASE_URL}${path}`, {
     |                     ^
  28 |     headers: { "Content-Type": "application/json", ...(init?.headers ?? {}) },
  29 |     cache: "no-store",
  30 |     ...init,
[browser] ⨯ unhandledRejection: TypeError: Failed to fetch
    at request (src/lib/api.ts:27:21)
    at Object.get (src/lib/api.ts:53:29)
    at listExperiments (src/lib/api.ts:257:7)
    at ExperimentsTab.useCallback[refresh] (src/app/projects/[id]/tabs/experiments.tsx:47:35)
  25 |
  26 | async function request<T>(path: string, init?: RequestInit): Promise<T> {
> 27 |   const res = await fetch(`${API_BASE_URL}${path}`, {
     |                     ^
  28 |     headers: { "Content-Type": "application/json", ...(init?.headers ?? {}) },
  29 |     cache: "no-store",
  30 |     ...init,
[browser] ⨯ unhandledRejection: TypeError: Failed to fetch
    at request (src/lib/api.ts:27:21)
    at Object.get (src/lib/api.ts:53:29)
    at listExperiments (src/lib/api.ts:257:7)
    at ExperimentsTab.useCallback[refresh] (src/app/projects/[id]/tabs/experiments.tsx:47:35)
  25 |
  26 | async function request<T>(path: string, init?: RequestInit): Promise<T> {
> 27 |   const res = await fetch(`${API_BASE_URL}${path}`, {
     |                     ^
  28 |     headers: { "Content-Type": "application/json", ...(init?.headers ?? {}) },
  29 |     cache: "no-store",
  30 |     ...init,
[browser] ⨯ unhandledRejection: TypeError: Failed to fetch
    at request (src/lib/api.ts:27:21)
    at Object.get (src/lib/api.ts:53:29)
    at listExperiments (src/lib/api.ts:257:7)
    at ExperimentsTab.useCallback[refresh] (src/app/projects/[id]/tabs/experiments.tsx:47:35)
  25 |
  26 | async function request<T>(path: string, init?: RequestInit): Promise<T> {
> 27 |   const res = await fetch(`${API_BASE_URL}${path}`, {
     |                     ^
  28 |     headers: { "Content-Type": "application/json", ...(init?.headers ?? {}) },
  29 |     cache: "no-store",
  30 |     ...init,
[browser] ⨯ unhandledRejection: TypeError: Failed to fetch
    at request (src/lib/api.ts:27:21)
    at Object.get (src/lib/api.ts:53:29)
    at listExperiments (src/lib/api.ts:257:7)
    at ExperimentsTab.useCallback[refresh] (src/app/projects/[id]/tabs/experiments.tsx:47:35)
  25 |
  26 | async function request<T>(path: string, init?: RequestInit): Promise<T> {
> 27 |   const res = await fetch(`${API_BASE_URL}${path}`, {
     |                     ^
  28 |     headers: { "Content-Type": "application/json", ...(init?.headers ?? {}) },
  29 |     cache: "no-store",
  30 |     ...init,
[browser] ⨯ unhandledRejection: TypeError: Failed to fetch
    at request (src/lib/api.ts:27:21)
    at Object.get (src/lib/api.ts:53:29)
    at listExperiments (src/lib/api.ts:257:7)
    at ExperimentsTab.useCallback[refresh] (src/app/projects/[id]/tabs/experiments.tsx:47:35)
  25 |
  26 | async function request<T>(path: string, init?: RequestInit): Promise<T> {
> 27 |   const res = await fetch(`${API_BASE_URL}${path}`, {
     |                     ^
  28 |     headers: { "Content-Type": "application/json", ...(init?.headers ?? {}) },
  29 |     cache: "no-store",
  30 |     ...init,
[browser] ⨯ unhandledRejection: TypeError: Failed to fetch
    at request (src/lib/api.ts:27:21)
    at Object.get (src/lib/api.ts:53:29)
    at listExperiments (src/lib/api.ts:257:7)
    at ExperimentsTab.useCallback[refresh] (src/app/projects/[id]/tabs/experiments.tsx:47:35)
  25 |
  26 | async function request<T>(path: string, init?: RequestInit): Promise<T> {
> 27 |   const res = await fetch(`${API_BASE_URL}${path}`, {
     |                     ^
  28 |     headers: { "Content-Type": "application/json", ...(init?.headers ?? {}) },
  29 |     cache: "no-store",
  30 |     ...init,
[browser] ⨯ unhandledRejection: TypeError: Failed to fetch
    at request (src/lib/api.ts:27:21)
    at Object.get (src/lib/api.ts:53:29)
    at listExperiments (src/lib/api.ts:257:7)
    at ExperimentsTab.useCallback[refresh] (src/app/projects/[id]/tabs/experiments.tsx:47:35)
  25 |
  26 | async function request<T>(path: string, init?: RequestInit): Promise<T> {
> 27 |   const res = await fetch(`${API_BASE_URL}${path}`, {
     |                     ^
  28 |     headers: { "Content-Type": "application/json", ...(init?.headers ?? {}) },
  29 |     cache: "no-store",
  30 |     ...init,
[browser] ⨯ unhandledRejection: TypeError: Failed to fetch
    at request (src/lib/api.ts:27:21)
    at Object.get (src/lib/api.ts:53:29)
    at listExperiments (src/lib/api.ts:257:7)
    at ExperimentsTab.useCallback[refresh] (src/app/projects/[id]/tabs/experiments.tsx:47:35)
  25 |
  26 | async function request<T>(path: string, init?: RequestInit): Promise<T> {
> 27 |   const res = await fetch(`${API_BASE_URL}${path}`, {
     |                     ^
  28 |     headers: { "Content-Type": "application/json", ...(init?.headers ?? {}) },
  29 |     cache: "no-store",
  30 |     ...init,
[browser] ⨯ unhandledRejection: TypeError: Failed to fetch
    at request (src/lib/api.ts:27:21)
    at Object.get (src/lib/api.ts:53:29)
    at listExperiments (src/lib/api.ts:257:7)
    at ExperimentsTab.useCallback[refresh] (src/app/projects/[id]/tabs/experiments.tsx:47:35)
  25 |
  26 | async function request<T>(path: string, init?: RequestInit): Promise<T> {
> 27 |   const res = await fetch(`${API_BASE_URL}${path}`, {
     |                     ^
  28 |     headers: { "Content-Type": "application/json", ...(init?.headers ?? {}) },
  29 |     cache: "no-store",
  30 |     ...init,
[browser] ⨯ unhandledRejection: TypeError: Failed to fetch
    at request (src/lib/api.ts:27:21)
    at Object.get (src/lib/api.ts:53:29)
    at listExperiments (src/lib/api.ts:257:7)
    at ExperimentsTab.useCallback[refresh] (src/app/projects/[id]/tabs/experiments.tsx:47:35)
  25 |
  26 | async function request<T>(path: string, init?: RequestInit): Promise<T> {
> 27 |   const res = await fetch(`${API_BASE_URL}${path}`, {
     |                     ^
  28 |     headers: { "Content-Type": "application/json", ...(init?.headers ?? {}) },
  29 |     cache: "no-store",
  30 |     ...init,
[browser] ⨯ unhandledRejection: TypeError: Failed to fetch
    at request (src/lib/api.ts:27:21)
    at Object.get (src/lib/api.ts:53:29)
    at listExperiments (src/lib/api.ts:257:7)
    at ExperimentsTab.useCallback[refresh] (src/app/projects/[id]/tabs/experiments.tsx:47:35)
  25 |
  26 | async function request<T>(path: string, init?: RequestInit): Promise<T> {
> 27 |   const res = await fetch(`${API_BASE_URL}${path}`, {
     |                     ^
  28 |     headers: { "Content-Type": "application/json", ...(init?.headers ?? {}) },
  29 |     cache: "no-store",
  30 |     ...init,
[browser] ⨯ unhandledRejection: TypeError: Failed to fetch
    at request (src/lib/api.ts:27:21)
    at Object.get (src/lib/api.ts:53:29)
    at listExperiments (src/lib/api.ts:257:7)
    at ExperimentsTab.useCallback[refresh] (src/app/projects/[id]/tabs/experiments.tsx:47:35)
  25 |
  26 | async function request<T>(path: string, init?: RequestInit): Promise<T> {
> 27 |   const res = await fetch(`${API_BASE_URL}${path}`, {
     |                     ^
  28 |     headers: { "Content-Type": "application/json", ...(init?.headers ?? {}) },
  29 |     cache: "no-store",
  30 |     ...init,
[browser] ⨯ unhandledRejection: TypeError: Failed to fetch
    at request (src/lib/api.ts:27:21)
    at Object.get (src/lib/api.ts:53:29)
    at listExperiments (src/lib/api.ts:257:7)
    at ExperimentsTab.useCallback[refresh] (src/app/projects/[id]/tabs/experiments.tsx:47:35)
  25 |
  26 | async function request<T>(path: string, init?: RequestInit): Promise<T> {
> 27 |   const res = await fetch(`${API_BASE_URL}${path}`, {
     |                     ^
  28 |     headers: { "Content-Type": "application/json", ...(init?.headers ?? {}) },
  29 |     cache: "no-store",
  30 |     ...init,
[browser] ⨯ unhandledRejection: TypeError: Failed to fetch
    at request (src/lib/api.ts:27:21)
    at Object.get (src/lib/api.ts:53:29)
    at listExperiments (src/lib/api.ts:257:7)
    at ExperimentsTab.useCallback[refresh] (src/app/projects/[id]/tabs/experiments.tsx:47:35)
  25 |
  26 | async function request<T>(path: string, init?: RequestInit): Promise<T> {
> 27 |   const res = await fetch(`${API_BASE_URL}${path}`, {
     |                     ^
  28 |     headers: { "Content-Type": "application/json", ...(init?.headers ?? {}) },
  29 |     cache: "no-store",
  30 |     ...init,
[browser] ⨯ unhandledRejection: TypeError: Failed to fetch
    at request (src/lib/api.ts:27:21)
    at Object.get (src/lib/api.ts:53:29)
    at listExperiments (src/lib/api.ts:257:7)
    at ExperimentsTab.useCallback[refresh] (src/app/projects/[id]/tabs/experiments.tsx:47:35)
  25 |
  26 | async function request<T>(path: string, init?: RequestInit): Promise<T> {
> 27 |   const res = await fetch(`${API_BASE_URL}${path}`, {
     |                     ^
  28 |     headers: { "Content-Type": "application/json", ...(init?.headers ?? {}) },
  29 |     cache: "no-store",
  30 |     ...init,
[browser] ⨯ unhandledRejection: TypeError: Failed to fetch
    at request (src/lib/api.ts:27:21)
    at Object.get (src/lib/api.ts:53:29)
    at listExperiments (src/lib/api.ts:257:7)
    at ExperimentsTab.useCallback[refresh] (src/app/projects/[id]/tabs/experiments.tsx:47:35)
  25 |
  26 | async function request<T>(path: string, init?: RequestInit): Promise<T> {
> 27 |   const res = await fetch(`${API_BASE_URL}${path}`, {
     |                     ^
  28 |     headers: { "Content-Type": "application/json", ...(init?.headers ?? {}) },
  29 |     cache: "no-store",
  30 |     ...init,
[browser] ⨯ unhandledRejection: TypeError: Failed to fetch
    at request (src/lib/api.ts:27:21)
    at Object.get (src/lib/api.ts:53:29)
    at listExperiments (src/lib/api.ts:257:7)
    at ExperimentsTab.useCallback[refresh] (src/app/projects/[id]/tabs/experiments.tsx:47:35)
  25 |
  26 | async function request<T>(path: string, init?: RequestInit): Promise<T> {
> 27 |   const res = await fetch(`${API_BASE_URL}${path}`, {
     |                     ^
  28 |     headers: { "Content-Type": "application/json", ...(init?.headers ?? {}) },
  29 |     cache: "no-store",
  30 |     ...init,
[browser] ⨯ unhandledRejection: TypeError: Failed to fetch
    at request (src/lib/api.ts:27:21)
    at Object.get (src/lib/api.ts:53:29)
    at listExperiments (src/lib/api.ts:257:7)
    at ExperimentsTab.useCallback[refresh] (src/app/projects/[id]/tabs/experiments.tsx:47:35)
  25 |
  26 | async function request<T>(path: string, init?: RequestInit): Promise<T> {
> 27 |   const res = await fetch(`${API_BASE_URL}${path}`, {
     |                     ^
  28 |     headers: { "Content-Type": "application/json", ...(init?.headers ?? {}) },
  29 |     cache: "no-store",
  30 |     ...init,
[browser] ⨯ unhandledRejection: TypeError: Failed to fetch
    at request (src/lib/api.ts:27:21)
    at Object.get (src/lib/api.ts:53:29)
    at listExperiments (src/lib/api.ts:257:7)
    at ExperimentsTab.useCallback[refresh] (src/app/projects/[id]/tabs/experiments.tsx:47:35)
  25 |
  26 | async function request<T>(path: string, init?: RequestInit): Promise<T> {
> 27 |   const res = await fetch(`${API_BASE_URL}${path}`, {
     |                     ^
  28 |     headers: { "Content-Type": "application/json", ...(init?.headers ?? {}) },
  29 |     cache: "no-store",
  30 |     ...init,
[browser] ⨯ unhandledRejection: TypeError: Failed to fetch
    at request (src/lib/api.ts:27:21)
    at Object.get (src/lib/api.ts:53:29)
    at listExperiments (src/lib/api.ts:257:7)
    at ExperimentsTab.useCallback[refresh] (src/app/projects/[id]/tabs/experiments.tsx:47:35)
  25 |
  26 | async function request<T>(path: string, init?: RequestInit): Promise<T> {
> 27 |   const res = await fetch(`${API_BASE_URL}${path}`, {
     |                     ^
  28 |     headers: { "Content-Type": "application/json", ...(init?.headers ?? {}) },
  29 |     cache: "no-store",
  30 |     ...init,
[browser] ⨯ unhandledRejection: TypeError: Failed to fetch
    at request (src/lib/api.ts:27:21)
    at Object.get (src/lib/api.ts:53:29)
    at listExperiments (src/lib/api.ts:257:7)
    at ExperimentsTab.useCallback[refresh] (src/app/projects/[id]/tabs/experiments.tsx:47:35)
  25 |
  26 | async function request<T>(path: string, init?: RequestInit): Promise<T> {
> 27 |   const res = await fetch(`${API_BASE_URL}${path}`, {
     |                     ^
  28 |     headers: { "Content-Type": "application/json", ...(init?.headers ?? {}) },
  29 |     cache: "no-store",
  30 |     ...init,
[browser] ⨯ unhandledRejection: TypeError: Failed to fetch
    at request (src/lib/api.ts:27:21)
    at Object.get (src/lib/api.ts:53:29)
    at listExperiments (src/lib/api.ts:257:7)
    at ExperimentsTab.useCallback[refresh] (src/app/projects/[id]/tabs/experiments.tsx:47:35)
  25 |
  26 | async function request<T>(path: string, init?: RequestInit): Promise<T> {
> 27 |   const res = await fetch(`${API_BASE_URL}${path}`, {
     |                     ^
  28 |     headers: { "Content-Type": "application/json", ...(init?.headers ?? {}) },
  29 |     cache: "no-store",
  30 |     ...init,
[browser] ⨯ unhandledRejection: TypeError: Failed to fetch
    at request (src/lib/api.ts:27:21)
    at Object.get (src/lib/api.ts:53:29)
    at listExperiments (src/lib/api.ts:257:7)
    at ExperimentsTab.useCallback[refresh] (src/app/projects/[id]/tabs/experiments.tsx:47:35)
  25 |
  26 | async function request<T>(path: string, init?: RequestInit): Promise<T> {
> 27 |   const res = await fetch(`${API_BASE_URL}${path}`, {
     |                     ^
  28 |     headers: { "Content-Type": "application/json", ...(init?.headers ?? {}) },
  29 |     cache: "no-store",
  30 |     ...init,
[browser] ⨯ unhandledRejection: TypeError: Failed to fetch
    at request (src/lib/api.ts:27:21)
    at Object.get (src/lib/api.ts:53:29)
    at listExperiments (src/lib/api.ts:257:7)
    at ExperimentsTab.useCallback[refresh] (src/app/projects/[id]/tabs/experiments.tsx:47:35)
  25 |
  26 | async function request<T>(path: string, init?: RequestInit): Promise<T> {
> 27 |   const res = await fetch(`${API_BASE_URL}${path}`, {
     |                     ^
  28 |     headers: { "Content-Type": "application/json", ...(init?.headers ?? {}) },
  29 |     cache: "no-store",
  30 |     ...init,
[browser] ⨯ unhandledRejection: TypeError: Failed to fetch
    at request (src/lib/api.ts:27:21)
    at Object.get (src/lib/api.ts:53:29)
    at listExperiments (src/lib/api.ts:257:7)
    at ExperimentsTab.useCallback[refresh] (src/app/projects/[id]/tabs/experiments.tsx:47:35)
  25 |
  26 | async function request<T>(path: string, init?: RequestInit): Promise<T> {
> 27 |   const res = await fetch(`${API_BASE_URL}${path}`, {
     |                     ^
  28 |     headers: { "Content-Type": "application/json", ...(init?.headers ?? {}) },
  29 |     cache: "no-store",
  30 |     ...init,
[browser] ⨯ unhandledRejection: TypeError: Failed to fetch
    at request (src/lib/api.ts:27:21)
    at Object.get (src/lib/api.ts:53:29)
    at listExperiments (src/lib/api.ts:257:7)
    at ExperimentsTab.useCallback[refresh] (src/app/projects/[id]/tabs/experiments.tsx:47:35)
  25 |
  26 | async function request<T>(path: string, init?: RequestInit): Promise<T> {
> 27 |   const res = await fetch(`${API_BASE_URL}${path}`, {
     |                     ^
  28 |     headers: { "Content-Type": "application/json", ...(init?.headers ?? {}) },
  29 |     cache: "no-store",
  30 |     ...init,
[browser] ⨯ unhandledRejection: TypeError: Failed to fetch
    at request (src/lib/api.ts:27:21)
    at Object.get (src/lib/api.ts:53:29)
    at listExperiments (src/lib/api.ts:257:7)
    at ExperimentsTab.useCallback[refresh] (src/app/projects/[id]/tabs/experiments.tsx:47:35)
  25 |
  26 | async function request<T>(path: string, init?: RequestInit): Promise<T> {
> 27 |   const res = await fetch(`${API_BASE_URL}${path}`, {
     |                     ^
  28 |     headers: { "Content-Type": "application/json", ...(init?.headers ?? {}) },
  29 |     cache: "no-store",
  30 |     ...init,
[browser] ⨯ unhandledRejection: TypeError: Failed to fetch
    at request (src/lib/api.ts:27:21)
    at Object.get (src/lib/api.ts:53:29)
    at listExperiments (src/lib/api.ts:257:7)
    at ExperimentsTab.useCallback[refresh] (src/app/projects/[id]/tabs/experiments.tsx:47:35)
  25 |
  26 | async function request<T>(path: string, init?: RequestInit): Promise<T> {
> 27 |   const res = await fetch(`${API_BASE_URL}${path}`, {
     |                     ^
  28 |     headers: { "Content-Type": "application/json", ...(init?.headers ?? {}) },
  29 |     cache: "no-store",
  30 |     ...init,
[browser] ⨯ unhandledRejection: TypeError: Failed to fetch
    at request (src/lib/api.ts:27:21)
    at Object.get (src/lib/api.ts:53:29)
    at listExperiments (src/lib/api.ts:257:7)
    at ExperimentsTab.useCallback[refresh] (src/app/projects/[id]/tabs/experiments.tsx:47:35)
  25 |
  26 | async function request<T>(path: string, init?: RequestInit): Promise<T> {
> 27 |   const res = await fetch(`${API_BASE_URL}${path}`, {
     |                     ^
  28 |     headers: { "Content-Type": "application/json", ...(init?.headers ?? {}) },
  29 |     cache: "no-store",
  30 |     ...init,
[browser] ⨯ unhandledRejection: TypeError: Failed to fetch
    at request (src/lib/api.ts:27:21)
    at Object.get (src/lib/api.ts:53:29)
    at listExperiments (src/lib/api.ts:257:7)
    at ExperimentsTab.useCallback[refresh] (src/app/projects/[id]/tabs/experiments.tsx:47:35)
  25 |
  26 | async function request<T>(path: string, init?: RequestInit): Promise<T> {
> 27 |   const res = await fetch(`${API_BASE_URL}${path}`, {
     |                     ^
  28 |     headers: { "Content-Type": "application/json", ...(init?.headers ?? {}) },
  29 |     cache: "no-store",
  30 |     ...init,
[browser] ⨯ unhandledRejection: TypeError: Failed to fetch
    at request (src/lib/api.ts:27:21)
    at Object.get (src/lib/api.ts:53:29)
    at listExperiments (src/lib/api.ts:257:7)
    at ExperimentsTab.useCallback[refresh] (src/app/projects/[id]/tabs/experiments.tsx:47:35)
  25 |
  26 | async function request<T>(path: string, init?: RequestInit): Promise<T> {
> 27 |   const res = await fetch(`${API_BASE_URL}${path}`, {
     |                     ^
  28 |     headers: { "Content-Type": "application/json", ...(init?.headers ?? {}) },
  29 |     cache: "no-store",
  30 |     ...init,
[browser] ⨯ unhandledRejection: TypeError: Failed to fetch
    at request (src/lib/api.ts:27:21)
    at Object.get (src/lib/api.ts:53:29)
    at listExperiments (src/lib/api.ts:257:7)
    at ExperimentsTab.useCallback[refresh] (src/app/projects/[id]/tabs/experiments.tsx:47:35)
  25 |
  26 | async function request<T>(path: string, init?: RequestInit): Promise<T> {
> 27 |   const res = await fetch(`${API_BASE_URL}${path}`, {
     |                     ^
  28 |     headers: { "Content-Type": "application/json", ...(init?.headers ?? {}) },
  29 |     cache: "no-store",
  30 |     ...init,
[browser] ⨯ unhandledRejection: TypeError: Failed to fetch
    at request (src/lib/api.ts:27:21)
    at Object.get (src/lib/api.ts:53:29)
    at listExperiments (src/lib/api.ts:257:7)
    at ExperimentsTab.useCallback[refresh] (src/app/projects/[id]/tabs/experiments.tsx:47:35)
  25 |
  26 | async function request<T>(path: string, init?: RequestInit): Promise<T> {
> 27 |   const res = await fetch(`${API_BASE_URL}${path}`, {
     |                     ^
  28 |     headers: { "Content-Type": "application/json", ...(init?.headers ?? {}) },
  29 |     cache: "no-store",
  30 |     ...init,
[browser] ⨯ unhandledRejection: TypeError: Failed to fetch
    at request (src/lib/api.ts:27:21)
    at Object.get (src/lib/api.ts:53:29)
    at listExperiments (src/lib/api.ts:257:7)
    at ExperimentsTab.useCallback[refresh] (src/app/projects/[id]/tabs/experiments.tsx:47:35)
  25 |
  26 | async function request<T>(path: string, init?: RequestInit): Promise<T> {
> 27 |   const res = await fetch(`${API_BASE_URL}${path}`, {
     |                     ^
  28 |     headers: { "Content-Type": "application/json", ...(init?.headers ?? {}) },
  29 |     cache: "no-store",
  30 |     ...init,
[browser] ⨯ unhandledRejection: TypeError: Failed to fetch
    at request (src/lib/api.ts:27:21)
    at Object.get (src/lib/api.ts:53:29)
    at listExperiments (src/lib/api.ts:257:7)
    at ExperimentsTab.useCallback[refresh] (src/app/projects/[id]/tabs/experiments.tsx:47:35)
  25 |
  26 | async function request<T>(path: string, init?: RequestInit): Promise<T> {
> 27 |   const res = await fetch(`${API_BASE_URL}${path}`, {
     |                     ^
  28 |     headers: { "Content-Type": "application/json", ...(init?.headers ?? {}) },
  29 |     cache: "no-store",
  30 |     ...init,
[browser] ⨯ unhandledRejection: TypeError: Failed to fetch
    at request (src/lib/api.ts:27:21)
    at Object.get (src/lib/api.ts:53:29)
    at listExperiments (src/lib/api.ts:257:7)
    at ExperimentsTab.useCallback[refresh] (src/app/projects/[id]/tabs/experiments.tsx:47:35)
  25 |
  26 | async function request<T>(path: string, init?: RequestInit): Promise<T> {
> 27 |   const res = await fetch(`${API_BASE_URL}${path}`, {
     |                     ^
  28 |     headers: { "Content-Type": "application/json", ...(init?.headers ?? {}) },
  29 |     cache: "no-store",
  30 |     ...init,
[browser] ⨯ unhandledRejection: TypeError: Failed to fetch
    at request (src/lib/api.ts:27:21)
    at Object.get (src/lib/api.ts:53:29)
    at listExperiments (src/lib/api.ts:257:7)
    at ExperimentsTab.useCallback[refresh] (src/app/projects/[id]/tabs/experiments.tsx:47:35)
  25 |
  26 | async function request<T>(path: string, init?: RequestInit): Promise<T> {
> 27 |   const res = await fetch(`${API_BASE_URL}${path}`, {
     |                     ^
  28 |     headers: { "Content-Type": "application/json", ...(init?.headers ?? {}) },
  29 |     cache: "no-store",
  30 |     ...init,
[browser] ⨯ unhandledRejection: TypeError: Failed to fetch
    at request (src/lib/api.ts:27:21)
    at Object.get (src/lib/api.ts:53:29)
    at listExperiments (src/lib/api.ts:257:7)
    at ExperimentsTab.useCallback[refresh] (src/app/projects/[id]/tabs/experiments.tsx:47:35)
  25 |
  26 | async function request<T>(path: string, init?: RequestInit): Promise<T> {
> 27 |   const res = await fetch(`${API_BASE_URL}${path}`, {
     |                     ^
  28 |     headers: { "Content-Type": "application/json", ...(init?.headers ?? {}) },
  29 |     cache: "no-store",
  30 |     ...init,
[browser] ⨯ unhandledRejection: TypeError: Failed to fetch
    at request (src/lib/api.ts:27:21)
    at Object.get (src/lib/api.ts:53:29)
    at listExperiments (src/lib/api.ts:257:7)
    at ExperimentsTab.useCallback[refresh] (src/app/projects/[id]/tabs/experiments.tsx:47:35)
  25 |
  26 | async function request<T>(path: string, init?: RequestInit): Promise<T> {
> 27 |   const res = await fetch(`${API_BASE_URL}${path}`, {
     |                     ^
  28 |     headers: { "Content-Type": "application/json", ...(init?.headers ?? {}) },
  29 |     cache: "no-store",
  30 |     ...init,
[browser] ⨯ unhandledRejection: TypeError: Failed to fetch
    at request (src/lib/api.ts:27:21)
    at Object.get (src/lib/api.ts:53:29)
    at listExperiments (src/lib/api.ts:257:7)
    at ExperimentsTab.useCallback[refresh] (src/app/projects/[id]/tabs/experiments.tsx:47:35)
  25 |
  26 | async function request<T>(path: string, init?: RequestInit): Promise<T> {
> 27 |   const res = await fetch(`${API_BASE_URL}${path}`, {
     |                     ^
  28 |     headers: { "Content-Type": "application/json", ...(init?.headers ?? {}) },
  29 |     cache: "no-store",
  30 |     ...init,
[browser] ⨯ unhandledRejection: TypeError: Failed to fetch
    at request (src/lib/api.ts:27:21)
    at Object.get (src/lib/api.ts:53:29)
    at listExperiments (src/lib/api.ts:257:7)
    at ExperimentsTab.useCallback[refresh] (src/app/projects/[id]/tabs/experiments.tsx:47:35)
  25 |
  26 | async function request<T>(path: string, init?: RequestInit): Promise<T> {
> 27 |   const res = await fetch(`${API_BASE_URL}${path}`, {
     |                     ^
  28 |     headers: { "Content-Type": "application/json", ...(init?.headers ?? {}) },
  29 |     cache: "no-store",
  30 |     ...init,
[browser] ⨯ unhandledRejection: TypeError: Failed to fetch
    at request (src/lib/api.ts:27:21)
    at Object.get (src/lib/api.ts:53:29)
    at listExperiments (src/lib/api.ts:257:7)
    at ExperimentsTab.useCallback[refresh] (src/app/projects/[id]/tabs/experiments.tsx:47:35)
  25 |
  26 | async function request<T>(path: string, init?: RequestInit): Promise<T> {
> 27 |   const res = await fetch(`${API_BASE_URL}${path}`, {
     |                     ^
  28 |     headers: { "Content-Type": "application/json", ...(init?.headers ?? {}) },
  29 |     cache: "no-store",
  30 |     ...init,
[browser] ⨯ unhandledRejection: TypeError: Failed to fetch
    at request (src/lib/api.ts:27:21)
    at Object.get (src/lib/api.ts:53:29)
    at listExperiments (src/lib/api.ts:257:7)
    at ExperimentsTab.useCallback[refresh] (src/app/projects/[id]/tabs/experiments.tsx:47:35)
  25 |
  26 | async function request<T>(path: string, init?: RequestInit): Promise<T> {
> 27 |   const res = await fetch(`${API_BASE_URL}${path}`, {
     |                     ^
  28 |     headers: { "Content-Type": "application/json", ...(init?.headers ?? {}) },
  29 |     cache: "no-store",
  30 |     ...init,
[browser] ⨯ unhandledRejection: TypeError: Failed to fetch
    at request (src/lib/api.ts:27:21)
    at Object.get (src/lib/api.ts:53:29)
    at listExperiments (src/lib/api.ts:257:7)
    at ExperimentsTab.useCallback[refresh] (src/app/projects/[id]/tabs/experiments.tsx:47:35)
  25 |
  26 | async function request<T>(path: string, init?: RequestInit): Promise<T> {
> 27 |   const res = await fetch(`${API_BASE_URL}${path}`, {
     |                     ^
  28 |     headers: { "Content-Type": "application/json", ...(init?.headers ?? {}) },
  29 |     cache: "no-store",
  30 |     ...init,
[browser] ⨯ unhandledRejection: TypeError: Failed to fetch
    at request (src/lib/api.ts:27:21)
    at Object.get (src/lib/api.ts:53:29)
    at listExperiments (src/lib/api.ts:257:7)
    at ExperimentsTab.useCallback[refresh] (src/app/projects/[id]/tabs/experiments.tsx:47:35)
  25 |
  26 | async function request<T>(path: string, init?: RequestInit): Promise<T> {
> 27 |   const res = await fetch(`${API_BASE_URL}${path}`, {
     |                     ^
  28 |     headers: { "Content-Type": "application/json", ...(init?.headers ?? {}) },
  29 |     cache: "no-store",
  30 |     ...init,
[browser] ⨯ unhandledRejection: TypeError: Failed to fetch
    at request (src/lib/api.ts:27:21)
    at Object.get (src/lib/api.ts:53:29)
    at listExperiments (src/lib/api.ts:257:7)
    at ExperimentsTab.useCallback[refresh] (src/app/projects/[id]/tabs/experiments.tsx:47:35)
  25 |
  26 | async function request<T>(path: string, init?: RequestInit): Promise<T> {
> 27 |   const res = await fetch(`${API_BASE_URL}${path}`, {
     |                     ^
  28 |     headers: { "Content-Type": "application/json", ...(init?.headers ?? {}) },
  29 |     cache: "no-store",
  30 |     ...init,
[browser] ⨯ unhandledRejection: TypeError: Failed to fetch
    at request (src/lib/api.ts:27:21)
    at Object.get (src/lib/api.ts:53:29)
    at listExperiments (src/lib/api.ts:257:7)
    at ExperimentsTab.useCallback[refresh] (src/app/projects/[id]/tabs/experiments.tsx:47:35)
  25 |
  26 | async function request<T>(path: string, init?: RequestInit): Promise<T> {
> 27 |   const res = await fetch(`${API_BASE_URL}${path}`, {
     |                     ^
  28 |     headers: { "Content-Type": "application/json", ...(init?.headers ?? {}) },
  29 |     cache: "no-store",
  30 |     ...init,
[browser] ⨯ unhandledRejection: TypeError: Failed to fetch
    at request (src/lib/api.ts:27:21)
    at Object.get (src/lib/api.ts:53:29)
    at listExperiments (src/lib/api.ts:257:7)
    at ExperimentsTab.useCallback[refresh] (src/app/projects/[id]/tabs/experiments.tsx:47:35)
  25 |
  26 | async function request<T>(path: string, init?: RequestInit): Promise<T> {
> 27 |   const res = await fetch(`${API_BASE_URL}${path}`, {
     |                     ^
  28 |     headers: { "Content-Type": "application/json", ...(init?.headers ?? {}) },
  29 |     cache: "no-store",
  30 |     ...init,
[browser] ⨯ unhandledRejection: TypeError: Failed to fetch
    at request (src/lib/api.ts:27:21)
    at Object.get (src/lib/api.ts:53:29)
    at listExperiments (src/lib/api.ts:257:7)
    at ExperimentsTab.useCallback[refresh] (src/app/projects/[id]/tabs/experiments.tsx:47:35)
  25 |
  26 | async function request<T>(path: string, init?: RequestInit): Promise<T> {
> 27 |   const res = await fetch(`${API_BASE_URL}${path}`, {
     |                     ^
  28 |     headers: { "Content-Type": "application/json", ...(init?.headers ?? {}) },
  29 |     cache: "no-store",
  30 |     ...init,
[browser] ⨯ unhandledRejection: TypeError: Failed to fetch
    at request (src/lib/api.ts:27:21)
    at Object.get (src/lib/api.ts:53:29)
    at listExperiments (src/lib/api.ts:257:7)
    at ExperimentsTab.useCallback[refresh] (src/app/projects/[id]/tabs/experiments.tsx:47:35)
  25 |
  26 | async function request<T>(path: string, init?: RequestInit): Promise<T> {
> 27 |   const res = await fetch(`${API_BASE_URL}${path}`, {
     |                     ^
  28 |     headers: { "Content-Type": "application/json", ...(init?.headers ?? {}) },
  29 |     cache: "no-store",
  30 |     ...init,
[browser] ⨯ unhandledRejection: TypeError: Failed to fetch
    at request (src/lib/api.ts:27:21)
    at Object.get (src/lib/api.ts:53:29)
    at listExperiments (src/lib/api.ts:257:7)
    at ExperimentsTab.useCallback[refresh] (src/app/projects/[id]/tabs/experiments.tsx:47:35)
  25 |
  26 | async function request<T>(path: string, init?: RequestInit): Promise<T> {
> 27 |   const res = await fetch(`${API_BASE_URL}${path}`, {
     |                     ^
  28 |     headers: { "Content-Type": "application/json", ...(init?.headers ?? {}) },
  29 |     cache: "no-store",
  30 |     ...init,
[browser] ⨯ unhandledRejection: TypeError: Failed to fetch
    at request (src/lib/api.ts:27:21)
    at Object.get (src/lib/api.ts:53:29)
    at listExperiments (src/lib/api.ts:257:7)
    at ExperimentsTab.useCallback[refresh] (src/app/projects/[id]/tabs/experiments.tsx:47:35)
  25 |
  26 | async function request<T>(path: string, init?: RequestInit): Promise<T> {
> 27 |   const res = await fetch(`${API_BASE_URL}${path}`, {
     |                     ^
  28 |     headers: { "Content-Type": "application/json", ...(init?.headers ?? {}) },
  29 |     cache: "no-store",
  30 |     ...init,
[browser] ⨯ unhandledRejection: TypeError: Failed to fetch
    at request (src/lib/api.ts:27:21)
    at Object.get (src/lib/api.ts:53:29)
    at listExperiments (src/lib/api.ts:257:7)
    at ExperimentsTab.useCallback[refresh] (src/app/projects/[id]/tabs/experiments.tsx:47:35)
  25 |
  26 | async function request<T>(path: string, init?: RequestInit): Promise<T> {
> 27 |   const res = await fetch(`${API_BASE_URL}${path}`, {
     |                     ^
  28 |     headers: { "Content-Type": "application/json", ...(init?.headers ?? {}) },
  29 |     cache: "no-store",
  30 |     ...init,
[browser] ⨯ unhandledRejection: TypeError: Failed to fetch
    at request (src/lib/api.ts:27:21)
    at Object.get (src/lib/api.ts:53:29)
    at listExperiments (src/lib/api.ts:257:7)
    at ExperimentsTab.useCallback[refresh] (src/app/projects/[id]/tabs/experiments.tsx:47:35)
  25 |
  26 | async function request<T>(path: string, init?: RequestInit): Promise<T> {
> 27 |   const res = await fetch(`${API_BASE_URL}${path}`, {
     |                     ^
  28 |     headers: { "Content-Type": "application/json", ...(init?.headers ?? {}) },
  29 |     cache: "no-store",
  30 |     ...init,
[browser] ⨯ unhandledRejection: TypeError: Failed to fetch
    at request (src/lib/api.ts:27:21)
    at Object.get (src/lib/api.ts:53:29)
    at listExperiments (src/lib/api.ts:257:7)
    at ExperimentsTab.useCallback[refresh] (src/app/projects/[id]/tabs/experiments.tsx:47:35)
  25 |
  26 | async function request<T>(path: string, init?: RequestInit): Promise<T> {
> 27 |   const res = await fetch(`${API_BASE_URL}${path}`, {
     |                     ^
  28 |     headers: { "Content-Type": "application/json", ...(init?.headers ?? {}) },
  29 |     cache: "no-store",
  30 |     ...init,
[browser] ⨯ unhandledRejection: TypeError: Failed to fetch
    at request (src/lib/api.ts:27:21)
    at Object.get (src/lib/api.ts:53:29)
    at listExperiments (src/lib/api.ts:257:7)
    at ExperimentsTab.useCallback[refresh] (src/app/projects/[id]/tabs/experiments.tsx:47:35)
  25 |
  26 | async function request<T>(path: string, init?: RequestInit): Promise<T> {
> 27 |   const res = await fetch(`${API_BASE_URL}${path}`, {
     |                     ^
  28 |     headers: { "Content-Type": "application/json", ...(init?.headers ?? {}) },
  29 |     cache: "no-store",
  30 |     ...init,
[browser] ⨯ unhandledRejection: TypeError: Failed to fetch
    at request (src/lib/api.ts:27:21)
    at Object.get (src/lib/api.ts:53:29)
    at listExperiments (src/lib/api.ts:257:7)
    at ExperimentsTab.useCallback[refresh] (src/app/projects/[id]/tabs/experiments.tsx:47:35)
  25 |
  26 | async function request<T>(path: string, init?: RequestInit): Promise<T> {
> 27 |   const res = await fetch(`${API_BASE_URL}${path}`, {
     |                     ^
  28 |     headers: { "Content-Type": "application/json", ...(init?.headers ?? {}) },
  29 |     cache: "no-store",
  30 |     ...init,
[browser] ⨯ unhandledRejection: TypeError: Failed to fetch
    at request (src/lib/api.ts:27:21)
    at Object.get (src/lib/api.ts:53:29)
    at listExperiments (src/lib/api.ts:257:7)
    at ExperimentsTab.useCallback[refresh] (src/app/projects/[id]/tabs/experiments.tsx:47:35)
  25 |
  26 | async function request<T>(path: string, init?: RequestInit): Promise<T> {
> 27 |   const res = await fetch(`${API_BASE_URL}${path}`, {
     |                     ^
  28 |     headers: { "Content-Type": "application/json", ...(init?.headers ?? {}) },
  29 |     cache: "no-store",
  30 |     ...init,
[browser] ⨯ unhandledRejection: TypeError: Failed to fetch
    at request (src/lib/api.ts:27:21)
    at Object.get (src/lib/api.ts:53:29)
    at listExperiments (src/lib/api.ts:257:7)
    at ExperimentsTab.useCallback[refresh] (src/app/projects/[id]/tabs/experiments.tsx:47:35)
  25 |
  26 | async function request<T>(path: string, init?: RequestInit): Promise<T> {
> 27 |   const res = await fetch(`${API_BASE_URL}${path}`, {
     |                     ^
  28 |     headers: { "Content-Type": "application/json", ...(init?.headers ?? {}) },
  29 |     cache: "no-store",
  30 |     ...init,
[browser] ⨯ unhandledRejection: TypeError: Failed to fetch
    at request (src/lib/api.ts:27:21)
    at Object.get (src/lib/api.ts:53:29)
    at listExperiments (src/lib/api.ts:257:7)
    at ExperimentsTab.useCallback[refresh] (src/app/projects/[id]/tabs/experiments.tsx:47:35)
  25 |
  26 | async function request<T>(path: string, init?: RequestInit): Promise<T> {
> 27 |   const res = await fetch(`${API_BASE_URL}${path}`, {
     |                     ^
  28 |     headers: { "Content-Type": "application/json", ...(init?.headers ?? {}) },
  29 |     cache: "no-store",
  30 |     ...init,
[browser] ⨯ unhandledRejection: TypeError: Failed to fetch
    at request (src/lib/api.ts:27:21)
    at Object.get (src/lib/api.ts:53:29)
    at listExperiments (src/lib/api.ts:257:7)
    at ExperimentsTab.useCallback[refresh] (src/app/projects/[id]/tabs/experiments.tsx:47:35)
  25 |
  26 | async function request<T>(path: string, init?: RequestInit): Promise<T> {
> 27 |   const res = await fetch(`${API_BASE_URL}${path}`, {
     |                     ^
  28 |     headers: { "Content-Type": "application/json", ...(init?.headers ?? {}) },
  29 |     cache: "no-store",
  30 |     ...init,
[browser] ⨯ unhandledRejection: TypeError: Failed to fetch
    at request (src/lib/api.ts:27:21)
    at Object.get (src/lib/api.ts:53:29)
    at listExperiments (src/lib/api.ts:257:7)
    at ExperimentsTab.useCallback[refresh] (src/app/projects/[id]/tabs/experiments.tsx:47:35)
  25 |
  26 | async function request<T>(path: string, init?: RequestInit): Promise<T> {
> 27 |   const res = await fetch(`${API_BASE_URL}${path}`, {
     |                     ^
  28 |     headers: { "Content-Type": "application/json", ...(init?.headers ?? {}) },
  29 |     cache: "no-store",
  30 |     ...init,
[browser] ⨯ unhandledRejection: TypeError: Failed to fetch
    at request (src/lib/api.ts:27:21)
    at Object.get (src/lib/api.ts:53:29)
    at listExperiments (src/lib/api.ts:257:7)
    at ExperimentsTab.useCallback[refresh] (src/app/projects/[id]/tabs/experiments.tsx:47:35)
  25 |
  26 | async function request<T>(path: string, init?: RequestInit): Promise<T> {
> 27 |   const res = await fetch(`${API_BASE_URL}${path}`, {
     |                     ^
  28 |     headers: { "Content-Type": "application/json", ...(init?.headers ?? {}) },
  29 |     cache: "no-store",
  30 |     ...init,
[browser] ⨯ unhandledRejection: TypeError: Failed to fetch
    at request (src/lib/api.ts:27:21)
    at Object.get (src/lib/api.ts:53:29)
    at listExperiments (src/lib/api.ts:257:7)
    at ExperimentsTab.useCallback[refresh] (src/app/projects/[id]/tabs/experiments.tsx:47:35)
  25 |
  26 | async function request<T>(path: string, init?: RequestInit): Promise<T> {
> 27 |   const res = await fetch(`${API_BASE_URL}${path}`, {
     |                     ^
  28 |     headers: { "Content-Type": "application/json", ...(init?.headers ?? {}) },
  29 |     cache: "no-store",
  30 |     ...init,
[browser] ⨯ unhandledRejection: TypeError: Failed to fetch
    at request (src/lib/api.ts:27:21)
    at Object.get (src/lib/api.ts:53:29)
    at listExperiments (src/lib/api.ts:257:7)
    at ExperimentsTab.useCallback[refresh] (src/app/projects/[id]/tabs/experiments.tsx:47:35)
  25 |
  26 | async function request<T>(path: string, init?: RequestInit): Promise<T> {
> 27 |   const res = await fetch(`${API_BASE_URL}${path}`, {
     |                     ^
  28 |     headers: { "Content-Type": "application/json", ...(init?.headers ?? {}) },
  29 |     cache: "no-store",
  30 |     ...init,
[browser] ⨯ unhandledRejection: TypeError: Failed to fetch
    at request (src/lib/api.ts:27:21)
    at Object.get (src/lib/api.ts:53:29)
    at listExperiments (src/lib/api.ts:257:7)
    at ExperimentsTab.useCallback[refresh] (src/app/projects/[id]/tabs/experiments.tsx:47:35)
  25 |
  26 | async function request<T>(path: string, init?: RequestInit): Promise<T> {
> 27 |   const res = await fetch(`${API_BASE_URL}${path}`, {
     |                     ^
  28 |     headers: { "Content-Type": "application/json", ...(init?.headers ?? {}) },
  29 |     cache: "no-store",
  30 |     ...init,
[browser] ⨯ unhandledRejection: TypeError: Failed to fetch
    at request (src/lib/api.ts:27:21)
    at Object.get (src/lib/api.ts:53:29)
    at listExperiments (src/lib/api.ts:257:7)
    at ExperimentsTab.useCallback[refresh] (src/app/projects/[id]/tabs/experiments.tsx:47:35)
  25 |
  26 | async function request<T>(path: string, init?: RequestInit): Promise<T> {
> 27 |   const res = await fetch(`${API_BASE_URL}${path}`, {
     |                     ^
  28 |     headers: { "Content-Type": "application/json", ...(init?.headers ?? {}) },
  29 |     cache: "no-store",
  30 |     ...init,
[browser] ⨯ unhandledRejection: TypeError: Failed to fetch
    at request (src/lib/api.ts:27:21)
    at Object.get (src/lib/api.ts:53:29)
    at listExperiments (src/lib/api.ts:257:7)
    at ExperimentsTab.useCallback[refresh] (src/app/projects/[id]/tabs/experiments.tsx:47:35)
  25 |
  26 | async function request<T>(path: string, init?: RequestInit): Promise<T> {
> 27 |   const res = await fetch(`${API_BASE_URL}${path}`, {
     |                     ^
  28 |     headers: { "Content-Type": "application/json", ...(init?.headers ?? {}) },
  29 |     cache: "no-store",
  30 |     ...init,
[browser] ⨯ unhandledRejection: TypeError: Failed to fetch
    at request (src/lib/api.ts:27:21)
    at Object.get (src/lib/api.ts:53:29)
    at listExperiments (src/lib/api.ts:257:7)
    at ExperimentsTab.useCallback[refresh] (src/app/projects/[id]/tabs/experiments.tsx:47:35)
  25 |
  26 | async function request<T>(path: string, init?: RequestInit): Promise<T> {
> 27 |   const res = await fetch(`${API_BASE_URL}${path}`, {
     |                     ^
  28 |     headers: { "Content-Type": "application/json", ...(init?.headers ?? {}) },
  29 |     cache: "no-store",
  30 |     ...init,
[browser] ⨯ unhandledRejection: TypeError: Failed to fetch
    at request (src/lib/api.ts:27:21)
    at Object.get (src/lib/api.ts:53:29)
    at listExperiments (src/lib/api.ts:257:7)
    at ExperimentsTab.useCallback[refresh] (src/app/projects/[id]/tabs/experiments.tsx:47:35)
  25 |
  26 | async function request<T>(path: string, init?: RequestInit): Promise<T> {
> 27 |   const res = await fetch(`${API_BASE_URL}${path}`, {
     |                     ^
  28 |     headers: { "Content-Type": "application/json", ...(init?.headers ?? {}) },
  29 |     cache: "no-store",
  30 |     ...init,
[browser] ⨯ unhandledRejection: TypeError: Failed to fetch
    at request (src/lib/api.ts:27:21)
    at Object.get (src/lib/api.ts:53:29)
    at listExperiments (src/lib/api.ts:257:7)
    at ExperimentsTab.useCallback[refresh] (src/app/projects/[id]/tabs/experiments.tsx:47:35)
  25 |
  26 | async function request<T>(path: string, init?: RequestInit): Promise<T> {
> 27 |   const res = await fetch(`${API_BASE_URL}${path}`, {
     |                     ^
  28 |     headers: { "Content-Type": "application/json", ...(init?.headers ?? {}) },
  29 |     cache: "no-store",
  30 |     ...init,
[browser] ⨯ unhandledRejection: TypeError: Failed to fetch
    at request (src/lib/api.ts:27:21)
    at Object.get (src/lib/api.ts:53:29)
    at listExperiments (src/lib/api.ts:257:7)
    at ExperimentsTab.useCallback[refresh] (src/app/projects/[id]/tabs/experiments.tsx:47:35)
  25 |
  26 | async function request<T>(path: string, init?: RequestInit): Promise<T> {
> 27 |   const res = await fetch(`${API_BASE_URL}${path}`, {
     |                     ^
  28 |     headers: { "Content-Type": "application/json", ...(init?.headers ?? {}) },
  29 |     cache: "no-store",
  30 |     ...init,
[browser] ⨯ unhandledRejection: TypeError: Failed to fetch
    at request (src/lib/api.ts:27:21)
    at Object.get (src/lib/api.ts:53:29)
    at listExperiments (src/lib/api.ts:257:7)
    at ExperimentsTab.useCallback[refresh] (src/app/projects/[id]/tabs/experiments.tsx:47:35)
  25 |
  26 | async function request<T>(path: string, init?: RequestInit): Promise<T> {
> 27 |   const res = await fetch(`${API_BASE_URL}${path}`, {
     |                     ^
  28 |     headers: { "Content-Type": "application/json", ...(init?.headers ?? {}) },
  29 |     cache: "no-store",
  30 |     ...init,
[browser] ⨯ unhandledRejection: TypeError: Failed to fetch
    at request (src/lib/api.ts:27:21)
    at Object.get (src/lib/api.ts:53:29)
    at listExperiments (src/lib/api.ts:257:7)
    at ExperimentsTab.useCallback[refresh] (src/app/projects/[id]/tabs/experiments.tsx:47:35)
  25 |
  26 | async function request<T>(path: string, init?: RequestInit): Promise<T> {
> 27 |   const res = await fetch(`${API_BASE_URL}${path}`, {
     |                     ^
  28 |     headers: { "Content-Type": "application/json", ...(init?.headers ?? {}) },
  29 |     cache: "no-store",
  30 |     ...init,
[browser] ⨯ unhandledRejection: TypeError: Failed to fetch
    at request (src/lib/api.ts:27:21)
    at Object.get (src/lib/api.ts:53:29)
    at listExperiments (src/lib/api.ts:257:7)
    at ExperimentsTab.useCallback[refresh] (src/app/projects/[id]/tabs/experiments.tsx:47:35)
  25 |
  26 | async function request<T>(path: string, init?: RequestInit): Promise<T> {
> 27 |   const res = await fetch(`${API_BASE_URL}${path}`, {
     |                     ^
  28 |     headers: { "Content-Type": "application/json", ...(init?.headers ?? {}) },
  29 |     cache: "no-store",
  30 |     ...init,
[browser] ⨯ unhandledRejection: TypeError: Failed to fetch
    at request (src/lib/api.ts:27:21)
    at Object.get (src/lib/api.ts:53:29)
    at listExperiments (src/lib/api.ts:257:7)
    at ExperimentsTab.useCallback[refresh] (src/app/projects/[id]/tabs/experiments.tsx:47:35)
  25 |
  26 | async function request<T>(path: string, init?: RequestInit): Promise<T> {
> 27 |   const res = await fetch(`${API_BASE_URL}${path}`, {
     |                     ^
  28 |     headers: { "Content-Type": "application/json", ...(init?.headers ?? {}) },
  29 |     cache: "no-store",
  30 |     ...init,
[browser] ⨯ unhandledRejection: TypeError: Failed to fetch
    at request (src/lib/api.ts:27:21)
    at Object.get (src/lib/api.ts:53:29)
    at listExperiments (src/lib/api.ts:257:7)
    at ExperimentsTab.useCallback[refresh] (src/app/projects/[id]/tabs/experiments.tsx:47:35)
  25 |
  26 | async function request<T>(path: string, init?: RequestInit): Promise<T> {
> 27 |   const res = await fetch(`${API_BASE_URL}${path}`, {
     |                     ^
  28 |     headers: { "Content-Type": "application/json", ...(init?.headers ?? {}) },
  29 |     cache: "no-store",
  30 |     ...init,
[browser] ⨯ unhandledRejection: TypeError: Failed to fetch
    at request (src/lib/api.ts:27:21)
    at Object.get (src/lib/api.ts:53:29)
    at listExperiments (src/lib/api.ts:257:7)
    at ExperimentsTab.useCallback[refresh] (src/app/projects/[id]/tabs/experiments.tsx:47:35)
  25 |
  26 | async function request<T>(path: string, init?: RequestInit): Promise<T> {
> 27 |   const res = await fetch(`${API_BASE_URL}${path}`, {
     |                     ^
  28 |     headers: { "Content-Type": "application/json", ...(init?.headers ?? {}) },
  29 |     cache: "no-store",
  30 |     ...init,
[browser] ⨯ unhandledRejection: TypeError: Failed to fetch
    at request (src/lib/api.ts:27:21)
    at Object.get (src/lib/api.ts:53:29)
    at listExperiments (src/lib/api.ts:257:7)
    at ExperimentsTab.useCallback[refresh] (src/app/projects/[id]/tabs/experiments.tsx:47:35)
  25 |
  26 | async function request<T>(path: string, init?: RequestInit): Promise<T> {
> 27 |   const res = await fetch(`${API_BASE_URL}${path}`, {
     |                     ^
  28 |     headers: { "Content-Type": "application/json", ...(init?.headers ?? {}) },
  29 |     cache: "no-store",
  30 |     ...init,
[browser] ⨯ unhandledRejection: TypeError: Failed to fetch
    at request (src/lib/api.ts:27:21)
    at Object.get (src/lib/api.ts:53:29)
    at listExperiments (src/lib/api.ts:257:7)
    at ExperimentsTab.useCallback[refresh] (src/app/projects/[id]/tabs/experiments.tsx:47:35)
  25 |
  26 | async function request<T>(path: string, init?: RequestInit): Promise<T> {
> 27 |   const res = await fetch(`${API_BASE_URL}${path}`, {
     |                     ^
  28 |     headers: { "Content-Type": "application/json", ...(init?.headers ?? {}) },
  29 |     cache: "no-store",
  30 |     ...init,
[browser] ⨯ unhandledRejection: TypeError: Failed to fetch
    at request (src/lib/api.ts:27:21)
    at Object.get (src/lib/api.ts:53:29)
    at listExperiments (src/lib/api.ts:257:7)
    at ExperimentsTab.useCallback[refresh] (src/app/projects/[id]/tabs/experiments.tsx:47:35)
  25 |
  26 | async function request<T>(path: string, init?: RequestInit): Promise<T> {
> 27 |   const res = await fetch(`${API_BASE_URL}${path}`, {
     |                     ^
  28 |     headers: { "Content-Type": "application/json", ...(init?.headers ?? {}) },
  29 |     cache: "no-store",
  30 |     ...init,
[browser] ⨯ unhandledRejection: TypeError: Failed to fetch
    at request (src/lib/api.ts:27:21)
    at Object.get (src/lib/api.ts:53:29)
    at listExperiments (src/lib/api.ts:257:7)
    at ExperimentsTab.useCallback[refresh] (src/app/projects/[id]/tabs/experiments.tsx:47:35)
  25 |
  26 | async function request<T>(path: string, init?: RequestInit): Promise<T> {
> 27 |   const res = await fetch(`${API_BASE_URL}${path}`, {
     |                     ^
  28 |     headers: { "Content-Type": "application/json", ...(init?.headers ?? {}) },
  29 |     cache: "no-store",
  30 |     ...init,
[browser] ⨯ unhandledRejection: TypeError: Failed to fetch
    at request (src/lib/api.ts:27:21)
    at Object.get (src/lib/api.ts:53:29)
    at listExperiments (src/lib/api.ts:257:7)
    at ExperimentsTab.useCallback[refresh] (src/app/projects/[id]/tabs/experiments.tsx:47:35)
  25 |
  26 | async function request<T>(path: string, init?: RequestInit): Promise<T> {
> 27 |   const res = await fetch(`${API_BASE_URL}${path}`, {
     |                     ^
  28 |     headers: { "Content-Type": "application/json", ...(init?.headers ?? {}) },
  29 |     cache: "no-store",
  30 |     ...init,
[browser] ⨯ unhandledRejection: TypeError: Failed to fetch
    at request (src/lib/api.ts:27:21)
    at Object.get (src/lib/api.ts:53:29)
    at listExperiments (src/lib/api.ts:257:7)
    at ExperimentsTab.useCallback[refresh] (src/app/projects/[id]/tabs/experiments.tsx:47:35)
  25 |
  26 | async function request<T>(path: string, init?: RequestInit): Promise<T> {
> 27 |   const res = await fetch(`${API_BASE_URL}${path}`, {
     |                     ^
  28 |     headers: { "Content-Type": "application/json", ...(init?.headers ?? {}) },
  29 |     cache: "no-store",
  30 |     ...init,
[browser] ⨯ unhandledRejection: TypeError: Failed to fetch
    at request (src/lib/api.ts:27:21)
    at Object.get (src/lib/api.ts:53:29)
    at listExperiments (src/lib/api.ts:257:7)
    at ExperimentsTab.useCallback[refresh] (src/app/projects/[id]/tabs/experiments.tsx:47:35)
  25 |
  26 | async function request<T>(path: string, init?: RequestInit): Promise<T> {
> 27 |   const res = await fetch(`${API_BASE_URL}${path}`, {
     |                     ^
  28 |     headers: { "Content-Type": "application/json", ...(init?.headers ?? {}) },
  29 |     cache: "no-store",
  30 |     ...init,
[browser] ⨯ unhandledRejection: TypeError: Failed to fetch
    at request (src/lib/api.ts:27:21)
    at Object.get (src/lib/api.ts:53:29)
    at listExperiments (src/lib/api.ts:257:7)
    at ExperimentsTab.useCallback[refresh] (src/app/projects/[id]/tabs/experiments.tsx:47:35)
  25 |
  26 | async function request<T>(path: string, init?: RequestInit): Promise<T> {
> 27 |   const res = await fetch(`${API_BASE_URL}${path}`, {
     |                     ^
  28 |     headers: { "Content-Type": "application/json", ...(init?.headers ?? {}) },
  29 |     cache: "no-store",
  30 |     ...init,
[browser] ⨯ unhandledRejection: TypeError: Failed to fetch
    at request (src/lib/api.ts:27:21)
    at Object.get (src/lib/api.ts:53:29)
    at listExperiments (src/lib/api.ts:257:7)
    at ExperimentsTab.useCallback[refresh] (src/app/projects/[id]/tabs/experiments.tsx:47:35)
  25 |
  26 | async function request<T>(path: string, init?: RequestInit): Promise<T> {
> 27 |   const res = await fetch(`${API_BASE_URL}${path}`, {
     |                     ^
  28 |     headers: { "Content-Type": "application/json", ...(init?.headers ?? {}) },
  29 |     cache: "no-store",
  30 |     ...init,
[browser] ⨯ unhandledRejection: TypeError: Failed to fetch
    at request (src/lib/api.ts:27:21)
    at Object.get (src/lib/api.ts:53:29)
    at listExperiments (src/lib/api.ts:257:7)
    at ExperimentsTab.useCallback[refresh] (src/app/projects/[id]/tabs/experiments.tsx:47:35)
  25 |
  26 | async function request<T>(path: string, init?: RequestInit): Promise<T> {
> 27 |   const res = await fetch(`${API_BASE_URL}${path}`, {
     |                     ^
  28 |     headers: { "Content-Type": "application/json", ...(init?.headers ?? {}) },
  29 |     cache: "no-store",
  30 |     ...init,
[browser] ⨯ unhandledRejection: TypeError: Failed to fetch
    at request (src/lib/api.ts:27:21)
    at Object.get (src/lib/api.ts:53:29)
    at listExperiments (src/lib/api.ts:257:7)
    at ExperimentsTab.useCallback[refresh] (src/app/projects/[id]/tabs/experiments.tsx:47:35)
  25 |
  26 | async function request<T>(path: string, init?: RequestInit): Promise<T> {
> 27 |   const res = await fetch(`${API_BASE_URL}${path}`, {
     |                     ^
  28 |     headers: { "Content-Type": "application/json", ...(init?.headers ?? {}) },
  29 |     cache: "no-store",
  30 |     ...init,
[browser] ⨯ unhandledRejection: TypeError: Failed to fetch
    at request (src/lib/api.ts:27:21)
    at Object.get (src/lib/api.ts:53:29)
    at listExperiments (src/lib/api.ts:257:7)
    at ExperimentsTab.useCallback[refresh] (src/app/projects/[id]/tabs/experiments.tsx:47:35)
  25 |
  26 | async function request<T>(path: string, init?: RequestInit): Promise<T> {
> 27 |   const res = await fetch(`${API_BASE_URL}${path}`, {
     |                     ^
  28 |     headers: { "Content-Type": "application/json", ...(init?.headers ?? {}) },
  29 |     cache: "no-store",
  30 |     ...init,
[browser] ⨯ unhandledRejection: TypeError: Failed to fetch
    at request (src/lib/api.ts:27:21)
    at Object.get (src/lib/api.ts:53:29)
    at listExperiments (src/lib/api.ts:257:7)
    at ExperimentsTab.useCallback[refresh] (src/app/projects/[id]/tabs/experiments.tsx:47:35)
  25 |
  26 | async function request<T>(path: string, init?: RequestInit): Promise<T> {
> 27 |   const res = await fetch(`${API_BASE_URL}${path}`, {
     |                     ^
  28 |     headers: { "Content-Type": "application/json", ...(init?.headers ?? {}) },
  29 |     cache: "no-store",
  30 |     ...init,
[browser] ⨯ unhandledRejection: TypeError: Failed to fetch
    at request (src/lib/api.ts:27:21)
    at Object.get (src/lib/api.ts:53:29)
    at listExperiments (src/lib/api.ts:257:7)
    at ExperimentsTab.useCallback[refresh] (src/app/projects/[id]/tabs/experiments.tsx:47:35)
  25 |
  26 | async function request<T>(path: string, init?: RequestInit): Promise<T> {
> 27 |   const res = await fetch(`${API_BASE_URL}${path}`, {
     |                     ^
  28 |     headers: { "Content-Type": "application/json", ...(init?.headers ?? {}) },
  29 |     cache: "no-store",
  30 |     ...init,
[browser] ⨯ unhandledRejection: TypeError: Failed to fetch
    at request (src/lib/api.ts:27:21)
    at Object.get (src/lib/api.ts:53:29)
    at listExperiments (src/lib/api.ts:257:7)
    at ExperimentsTab.useCallback[refresh] (src/app/projects/[id]/tabs/experiments.tsx:47:35)
  25 |
  26 | async function request<T>(path: string, init?: RequestInit): Promise<T> {
> 27 |   const res = await fetch(`${API_BASE_URL}${path}`, {
     |                     ^
  28 |     headers: { "Content-Type": "application/json", ...(init?.headers ?? {}) },
  29 |     cache: "no-store",
  30 |     ...init,
[browser] ⨯ unhandledRejection: TypeError: Failed to fetch
    at request (src/lib/api.ts:27:21)
    at Object.get (src/lib/api.ts:53:29)
    at listExperiments (src/lib/api.ts:257:7)
    at ExperimentsTab.useCallback[refresh] (src/app/projects/[id]/tabs/experiments.tsx:47:35)
  25 |
  26 | async function request<T>(path: string, init?: RequestInit): Promise<T> {
> 27 |   const res = await fetch(`${API_BASE_URL}${path}`, {
     |                     ^
  28 |     headers: { "Content-Type": "application/json", ...(init?.headers ?? {}) },
  29 |     cache: "no-store",
  30 |     ...init,
[browser] ⨯ unhandledRejection: TypeError: Failed to fetch
    at request (src/lib/api.ts:27:21)
    at Object.get (src/lib/api.ts:53:29)
    at listExperiments (src/lib/api.ts:257:7)
    at ExperimentsTab.useCallback[refresh] (src/app/projects/[id]/tabs/experiments.tsx:47:35)
  25 |
  26 | async function request<T>(path: string, init?: RequestInit): Promise<T> {
> 27 |   const res = await fetch(`${API_BASE_URL}${path}`, {
     |                     ^
  28 |     headers: { "Content-Type": "application/json", ...(init?.headers ?? {}) },
  29 |     cache: "no-store",
  30 |     ...init,
[browser] ⨯ unhandledRejection: TypeError: Failed to fetch
    at request (src/lib/api.ts:27:21)
    at Object.get (src/lib/api.ts:53:29)
    at listExperiments (src/lib/api.ts:257:7)
    at ExperimentsTab.useCallback[refresh] (src/app/projects/[id]/tabs/experiments.tsx:47:35)
  25 |
  26 | async function request<T>(path: string, init?: RequestInit): Promise<T> {
> 27 |   const res = await fetch(`${API_BASE_URL}${path}`, {
     |                     ^
  28 |     headers: { "Content-Type": "application/json", ...(init?.headers ?? {}) },
  29 |     cache: "no-store",
  30 |     ...init,
 GET /projects/80608ee0-7df0-4e19-8411-7f63fa9a9021 200 in 1897ms (next.js: 566ms, application-code: 1330ms)
[browser] ⨯ unhandledRejection: TypeError: Failed to fetch
    at request (src/lib/api.ts:27:21)
    at Object.get (src/lib/api.ts:53:29)
    at listExperiments (src/lib/api.ts:257:7)
    at ExperimentsTab.useCallback[refresh] (src/app/projects/[id]/tabs/experiments.tsx:47:35)
  25 |
  26 | async function request<T>(path: string, init?: RequestInit): Promise<T> {
> 27 |   const res = await fetch(`${API_BASE_URL}${path}`, {
     |                     ^
  28 |     headers: { "Content-Type": "application/json", ...(init?.headers ?? {}) },
  29 |     cache: "no-store",
  30 |     ...init,
 GET /projects/80608ee0-7df0-4e19-8411-7f63fa9a9021 200 in 757ms (next.js: 319ms, application-code: 438ms)
 GET / 200 in 575ms (next.js: 142ms, application-code: 433ms)
 GET /experiments 200 in 671ms (next.js: 239ms, application-code: 432ms)
 GET / 200 in 98ms (next.js: 29ms, application-code: 69ms)
 GET / 200 in 957ms (next.js: 285ms, application-code: 672ms)
 GET /projects 200 in 1059ms (next.js: 807ms, application-code: 252ms)
 GET /projects/80608ee0-7df0-4e19-8411-7f63fa9a9021 200 in 132ms (next.js: 68ms, application-code: 64ms)
 GET /experiments 200 in 606ms (next.js: 228ms, application-code: 378ms)
 GET /datasets 200 in 88ms (next.js: 20ms, application-code: 68ms)
 GET /benchmarks 200 in 616ms (next.js: 537ms, application-code: 79ms)
 GET /models 200 in 77ms (next.js: 28ms, application-code: 49ms)
 GET /prompts 200 in 67ms (next.js: 21ms, application-code: 45ms)
 GET /models 200 in 78ms (next.js: 24ms, application-code: 54ms)
 GET /models 200 in 167ms (next.js: 10ms, application-code: 157ms)
 GET /experiments 200 in 94ms (next.js: 17ms, application-code: 77ms)
 GET /projects 200 in 46ms (next.js: 12ms, application-code: 35ms)
 GET /projects/80608ee0-7df0-4e19-8411-7f63fa9a9021 200 in 145ms (next.js: 51ms, application-code: 94ms)
 GET /experiments 200 in 39ms (next.js: 7ms, application-code: 32ms)
 GET /projects 200 in 36ms (next.js: 6ms, application-code: 30ms)
 GET /projects/80608ee0-7df0-4e19-8411-7f63fa9a9021 200 in 117ms (next.js: 37ms, application-code: 80ms)
[browser] ⨯ unhandledRejection: TypeError: Failed to fetch
    at request (src/lib/api.ts:27:21)
    at Object.del (src/lib/api.ts:59:5)
    at deleteExperiment (src/lib/api.ts:278:7)
    at onClick (src/app/projects/[id]/tabs/experiments.tsx:264:45)
  25 |
  26 | async function request<T>(path: string, init?: RequestInit): Promise<T> {
> 27 |   const res = await fetch(`${API_BASE_URL}${path}`, {
     |                     ^
  28 |     headers: { "Content-Type": "application/json", ...(init?.headers ?? {}) },
  29 |     cache: "no-store",
  30 |     ...init,
[browser] ⨯ unhandledRejection: TypeError: Failed to fetch
    at request (src/lib/api.ts:27:21)
    at Object.del (src/lib/api.ts:59:5)
    at deleteExperiment (src/lib/api.ts:278:7)
    at onClick (src/app/projects/[id]/tabs/experiments.tsx:264:45)
  25 |
  26 | async function request<T>(path: string, init?: RequestInit): Promise<T> {
> 27 |   const res = await fetch(`${API_BASE_URL}${path}`, {
     |                     ^
  28 |     headers: { "Content-Type": "application/json", ...(init?.headers ?? {}) },
  29 |     cache: "no-store",
  30 |     ...init,
[browser] ⨯ unhandledRejection: TypeError: Failed to fetch
    at request (src/lib/api.ts:27:21)
    at Object.del (src/lib/api.ts:59:5)
    at deleteExperiment (src/lib/api.ts:278:7)
    at onClick (src/app/projects/[id]/tabs/experiments.tsx:264:45)
  25 |
  26 | async function request<T>(path: string, init?: RequestInit): Promise<T> {
> 27 |   const res = await fetch(`${API_BASE_URL}${path}`, {
     |                     ^
  28 |     headers: { "Content-Type": "application/json", ...(init?.headers ?? {}) },
  29 |     cache: "no-store",
  30 |     ...init,
[browser] ⨯ unhandledRejection: TypeError: Failed to fetch
    at request (src/lib/api.ts:27:21)
    at Object.del (src/lib/api.ts:59:5)
    at deleteExperiment (src/lib/api.ts:278:7)
    at onClick (src/app/projects/[id]/tabs/experiments.tsx:264:45)
  25 |
  26 | async function request<T>(path: string, init?: RequestInit): Promise<T> {
> 27 |   const res = await fetch(`${API_BASE_URL}${path}`, {
     |                     ^
  28 |     headers: { "Content-Type": "application/json", ...(init?.headers ?? {}) },
  29 |     cache: "no-store",
  30 |     ...init,
[browser] ⨯ unhandledRejection: TypeError: Failed to fetch
    at request (src/lib/api.ts:27:21)
    at Object.del (src/lib/api.ts:59:5)
    at deleteExperiment (src/lib/api.ts:278:7)
    at onClick (src/app/projects/[id]/tabs/experiments.tsx:264:45)
  25 |
  26 | async function request<T>(path: string, init?: RequestInit): Promise<T> {
> 27 |   const res = await fetch(`${API_BASE_URL}${path}`, {
     |                     ^
  28 |     headers: { "Content-Type": "application/json", ...(init?.headers ?? {}) },
  29 |     cache: "no-store",
  30 |     ...init,
[browser] ⨯ unhandledRejection: TypeError: Failed to fetch
    at request (src/lib/api.ts:27:21)
    at Object.del (src/lib/api.ts:59:5)
    at deleteExperiment (src/lib/api.ts:278:7)
    at onClick (src/app/projects/[id]/tabs/experiments.tsx:264:45)
  25 |
  26 | async function request<T>(path: string, init?: RequestInit): Promise<T> {
> 27 |   const res = await fetch(`${API_BASE_URL}${path}`, {
     |                     ^
  28 |     headers: { "Content-Type": "application/json", ...(init?.headers ?? {}) },
  29 |     cache: "no-store",
  30 |     ...init,
[browser] ⨯ unhandledRejection: TypeError: Failed to fetch
    at request (src/lib/api.ts:27:21)
    at Object.del (src/lib/api.ts:59:5)
    at deleteExperiment (src/lib/api.ts:278:7)
    at onClick (src/app/projects/[id]/tabs/experiments.tsx:264:45)
  25 |
  26 | async function request<T>(path: string, init?: RequestInit): Promise<T> {
> 27 |   const res = await fetch(`${API_BASE_URL}${path}`, {
     |                     ^
  28 |     headers: { "Content-Type": "application/json", ...(init?.headers ?? {}) },
  29 |     cache: "no-store",
  30 |     ...init,
[browser] ⨯ unhandledRejection: TypeError: Failed to fetch
    at request (src/lib/api.ts:27:21)
    at Object.del (src/lib/api.ts:59:5)
    at deleteExperiment (src/lib/api.ts:278:7)
    at onClick (src/app/projects/[id]/tabs/experiments.tsx:264:45)
  25 |
  26 | async function request<T>(path: string, init?: RequestInit): Promise<T> {
> 27 |   const res = await fetch(`${API_BASE_URL}${path}`, {
     |                     ^
  28 |     headers: { "Content-Type": "application/json", ...(init?.headers ?? {}) },
  29 |     cache: "no-store",
  30 |     ...init,
[browser] ⨯ unhandledRejection: TypeError: Failed to fetch
    at request (src/lib/api.ts:27:21)
    at Object.del (src/lib/api.ts:59:5)
    at deleteExperiment (src/lib/api.ts:278:7)
    at onClick (src/app/projects/[id]/tabs/experiments.tsx:264:45)
  25 |
  26 | async function request<T>(path: string, init?: RequestInit): Promise<T> {
> 27 |   const res = await fetch(`${API_BASE_URL}${path}`, {
     |                     ^
  28 |     headers: { "Content-Type": "application/json", ...(init?.headers ?? {}) },
  29 |     cache: "no-store",
  30 |     ...init,
 GET /projects/80608ee0-7df0-4e19-8411-7f63fa9a9021 200 in 795ms (next.js: 259ms, application-code: 536ms)
 GET /models 200 in 1026ms (next.js: 400ms, application-code: 626ms)
 GET /models 200 in 149ms (next.js: 33ms, application-code: 116ms)
 GET /projects 200 in 183ms (next.js: 110ms, application-code: 74ms)
 GET /projects/80608ee0-7df0-4e19-8411-7f63fa9a9021 200 in 179ms (next.js: 96ms, application-code: 84ms)
[browser] ⨯ unhandledRejection: TypeError: Failed to fetch
    at request (src/lib/api.ts:27:21)
    at Object.post (src/lib/api.ts:55:5)
    at duplicateExperiment (src/lib/api.ts:276:7)
    at onClick (src/app/projects/[id]/tabs/experiments.tsx:254:48)
  25 |
  26 | async function request<T>(path: string, init?: RequestInit): Promise<T> {
> 27 |   const res = await fetch(`${API_BASE_URL}${path}`, {
     |                     ^
  28 |     headers: { "Content-Type": "application/json", ...(init?.headers ?? {}) },
  29 |     cache: "no-store",
  30 |     ...init,
[browser] ⨯ unhandledRejection: TypeError: Failed to fetch
    at request (src/lib/api.ts:27:21)
    at Object.del (src/lib/api.ts:59:5)
    at deleteExperiment (src/lib/api.ts:278:7)
    at onClick (src/app/projects/[id]/tabs/experiments.tsx:264:45)
  25 |
  26 | async function request<T>(path: string, init?: RequestInit): Promise<T> {
> 27 |   const res = await fetch(`${API_BASE_URL}${path}`, {
     |                     ^
  28 |     headers: { "Content-Type": "application/json", ...(init?.headers ?? {}) },
  29 |     cache: "no-store",
  30 |     ...init,
 GET / 200 in 815ms (next.js: 158ms, application-code: 657ms)
 GET / 200 in 85ms (next.js: 12ms, application-code: 73ms)
 GET /projects/80608ee0-7df0-4e19-8411-7f63fa9a9021 200 in 659ms (next.js: 195ms, application-code: 465ms)
 GET /datasets 200 in 117ms (next.js: 28ms, application-code: 89ms)
 GET /projects 200 in 74ms (next.js: 20ms, application-code: 54ms)
 GET /projects/80608ee0-7df0-4e19-8411-7f63fa9a9021 200 in 86ms (next.js: 31ms, application-code: 55ms)
 GET /models 200 in 408ms (next.js: 122ms, application-code: 286ms)
 GET /datasets 200 in 60ms (next.js: 12ms, application-code: 49ms)
 GET /models 200 in 83ms (next.js: 9ms, application-code: 74ms)
 GET /datasets 200 in 27ms (next.js: 7ms, application-code: 20ms)
 GET /models 200 in 26ms (next.js: 5ms, application-code: 21ms)
 GET /datasets 200 in 31ms (next.js: 9ms, application-code: 22ms)
 GET /models 200 in 23ms (next.js: 5ms, application-code: 18ms)
 GET /projects 200 in 38ms (next.js: 9ms, application-code: 29ms)
 GET / 200 in 55ms (next.js: 13ms, application-code: 41ms)
 GET /datasets 200 in 69ms (next.js: 21ms, application-code: 48ms)
 GET /benchmarks 200 in 46ms (next.js: 11ms, application-code: 35ms)
 GET /models 200 in 39ms (next.js: 7ms, application-code: 31ms)
 GET /projects 200 in 39ms (next.js: 7ms, application-code: 32ms)
 GET /experiments 200 in 51ms (next.js: 15ms, application-code: 36ms)
 GET / 200 in 33ms (next.js: 5ms, application-code: 28ms)
 GET /projects 200 in 32ms (next.js: 7ms, application-code: 25ms)
 GET /projects/80608ee0-7df0-4e19-8411-7f63fa9a9021 200 in 106ms (next.js: 53ms, application-code: 54ms)
 GET /experiments 200 in 1014ms (next.js: 340ms, application-code: 674ms)
 GET /experiments 200 in 186ms (next.js: 58ms, application-code: 127ms)
 GET / 200 in 132ms (next.js: 31ms, application-code: 102ms)
 GET /experiments 200 in 81ms (next.js: 22ms, application-code: 59ms)
 GET / 200 in 104ms (next.js: 10ms, application-code: 94ms)
 GET /datasets 200 in 118ms (next.js: 35ms, application-code: 83ms)
 GET / 200 in 663ms (next.js: 371ms, application-code: 292ms)
 GET / 200 in 109ms (next.js: 17ms, application-code: 92ms)
 GET / 200 in 65ms (next.js: 15ms, application-code: 50ms)
 GET / 200 in 47ms (next.js: 8ms, application-code: 39ms)
 GET / 200 in 69ms (next.js: 8ms, application-code: 61ms)
 GET / 200 in 36ms (next.js: 7ms, application-code: 29ms)
 GET /projects 200 in 80ms (next.js: 23ms, application-code: 57ms)
 GET /projects 200 in 13ms (next.js: 5ms, application-code: 8ms)
 GET /projects 200 in 31ms (next.js: 11ms, application-code: 21ms)
 GET /projects 200 in 14ms (next.js: 6ms, application-code: 8ms)
 GET /projects 200 in 29ms (next.js: 6ms, application-code: 23ms)
 GET / 200 in 21ms (next.js: 5ms, application-code: 17ms)
 GET /experiments 200 in 61ms (next.js: 20ms, application-code: 42ms)
 GET / 200 in 22ms (next.js: 4ms, application-code: 18ms)
✓ Compiled in 2.5s
⨯ ./src/lib/api.ts:114:3
Expression expected
  [90m112 |[0m     }
  [90m113 |[0m     [36mthrow[0m [36mnew[0m [33mApiRequestError[0m(res.status, code, message);
[31m[1m>[0m [90m114 |[0m   }
  [90m    |[0m   [31m[1m^[0m
  [90m115 |[0m
  [90m116 |[0m   [36mif[0m (res.status === [35m204[0m) [36mreturn[0m [36mundefined[0m [36mas[0m [33mT[0m;
  [90m117 |[0m   [36mreturn[0m ([36mawait[0m res.json()) [36mas[0m [33mT[0m;

Parsing ecmascript source code failed

Import traces:
  #1 [Client Component Browser]:
    ./src/lib/api.ts [Client Component Browser]
    ./src/app/page.tsx [Client Component Browser]
    ./src/app/page.tsx [Server Component]

  #2 [Client Component SSR]:
    ./src/lib/api.ts [Client Component SSR]
    ./src/app/page.tsx [Client Component SSR]
    ./src/app/page.tsx [Server Component]

  #3 [Client Component Browser]:
    ./src/lib/api.ts [Client Component Browser]
    ./src/components/health-badge.tsx [Client Component Browser]
    ./src/components/app-shell.tsx [Client Component Browser]
    ./src/components/app-shell.tsx [Server Component]
    ./src/app/layout.tsx [Server Component]

  #4 [Client Component SSR]:
    ./src/lib/api.ts [Client Component SSR]
    ./src/components/health-badge.tsx [Client Component SSR]
    ./src/components/app-shell.tsx [Client Component SSR]
    ./src/components/app-shell.tsx [Server Component]
    ./src/app/layout.tsx [Server Component]


 GET / 500 in 452ms (next.js: 260ms, application-code: 193ms)
⨯ ./src/lib/api.ts:114:3
Expression expected
  [90m112 |[0m     }
  [90m113 |[0m     [36mthrow[0m [36mnew[0m [33mApiRequestError[0m(res.status, code, message);
[31m[1m>[0m [90m114 |[0m   }
  [90m    |[0m   [31m[1m^[0m
  [90m115 |[0m
  [90m116 |[0m   [36mif[0m (res.status === [35m204[0m) [36mreturn[0m [36mundefined[0m [36mas[0m [33mT[0m;
  [90m117 |[0m   [36mreturn[0m ([36mawait[0m res.json()) [36mas[0m [33mT[0m;

Parsing ecmascript source code failed

Import traces:
  #1 [Client Component Browser]:
    ./src/lib/api.ts [Client Component Browser]
    ./src/app/page.tsx [Client Component Browser]
    ./src/app/page.tsx [Server Component]

  #2 [Client Component SSR]:
    ./src/lib/api.ts [Client Component SSR]
    ./src/app/page.tsx [Client Component SSR]
    ./src/app/page.tsx [Server Component]

  #3 [Client Component Browser]:
    ./src/lib/api.ts [Client Component Browser]
    ./src/components/health-badge.tsx [Client Component Browser]
    ./src/components/app-shell.tsx [Client Component Browser]
    ./src/components/app-shell.tsx [Server Component]
    ./src/app/layout.tsx [Server Component]

  #4 [Client Component SSR]:
    ./src/lib/api.ts [Client Component SSR]
    ./src/components/health-badge.tsx [Client Component SSR]
    ./src/components/app-shell.tsx [Client Component SSR]
    ./src/components/app-shell.tsx [Server Component]
    ./src/app/layout.tsx [Server Component]


 GET / 500 in 50ms (next.js: 24ms, application-code: 25ms)
[browser] Uncaught Error: ./src/lib/api.ts:114:3
Expression expected
  112 |     }
  113 |     throw new ApiRequestError(res.status, code, message);
> 114 |   }
      |   ^
  115 |
  116 |   if (res.status === 204) return undefined as T;
  117 |   return (await res.json()) as T;

Parsing ecmascript source code failed

Import traces:
  #1 [Client Component Browser]:
    ./src/lib/api.ts [Client Component Browser]
    ./src/app/page.tsx [Client Component Browser]
    ./src/app/page.tsx [Server Component]

  #2 [Client Component SSR]:
    ./src/lib/api.ts [Client Component SSR]
    ./src/app/page.tsx [Client Component SSR]
    ./src/app/page.tsx [Server Component]

  #3 [Client Component Browser]:
    ./src/lib/api.ts [Client Component Browser]
    ./src/components/health-badge.tsx [Client Component Browser]
    ./src/components/app-shell.tsx [Client Component Browser]
    ./src/components/app-shell.tsx [Server Component]
    ./src/app/layout.tsx [Server Component]

  #4 [Client Component SSR]:
    ./src/lib/api.ts [Client Component SSR]
    ./src/components/health-badge.tsx [Client Component SSR]
    ./src/components/app-shell.tsx [Client Component SSR]
    ./src/components/app-shell.tsx [Server Component]
    ./src/app/layout.tsx [Server Component]


    at <unknown> (Error: ./src/lib/api.ts:114:3)
    at <unknown> (Error: (./src/lib/api.ts:114:3)
✓ Compiled in 886ms
 GET / 200 in 2.6s (next.js: 1887ms, application-code: 724ms)
[?25h
